Departamento,Año,Área,Población
Antioquia,2010,Cabecera,4382447
Antioquia,2010,Centros Poblados y Rural Disperso,1417713
Antioquia,2010,Total,5800160
Antioquia,2011,Cabecera,4451741
Antioquia,2011,Centros Poblados y Rural Disperso,1417450
Antioquia,2011,Total,5869191
Antioquia,2012,Cabecera,4519077
Antioquia,2012,Centros Poblados y Rural Disperso,1416839
Antioquia,2012,Total,5935916
Antioquia,2013,Cabecera,4585022
Antioquia,2013,Centros Poblados y Rural Disperso,1416129
Antioquia,2013,Total,6001151
Antioquia,2014,Cabecera,4651049
Antioquia,2014,Centros Poblados y Rural Disperso,1415757
Antioquia,2014,Total,6066806
Antioquia,2015,Cabecera,4718735
Antioquia,2015,Centros Poblados y Rural Disperso,1416218
Antioquia,2015,Total,6134953
Antioquia,2016,Cabecera,4792540
Antioquia,2016,Centros Poblados y Rural Disperso,1418772
Antioquia,2016,Total,6211312
Antioquia,2017,Cabecera,4873219
Antioquia,2017,Centros Poblados y Rural Disperso,1423624
Antioquia,2017,Total,6296843
Atlántico,2010,Cabecera,2144701
Atlántico,2010,Centros Poblados y Rural Disperso,116955
Atlántico,2010,Total,2261656
Atlántico,2011,Cabecera,2170710
Atlántico,2011,Centros Poblados y Rural Disperso,118237
Atlántico,2011,Total,2288947
Atlántico,2012,Cabecera,2195844
Atlántico,2012,Centros Poblados y Rural Disperso,119517
Atlántico,2012,Total,2315361
Atlántico,2013,Cabecera,2220539
Atlántico,2013,Centros Poblados y Rural Disperso,120796
Atlántico,2013,Total,2341335
Atlántico,2014,Cabecera,2244834
Atlántico,2014,Centros Poblados y Rural Disperso,122065
Atlántico,2014,Total,2366899
Atlántico,2015,Cabecera,2270141
Atlántico,2015,Centros Poblados y Rural Disperso,123416
Atlántico,2015,Total,2393557
Atlántico,2016,Cabecera,2301928
Atlántico,2016,Centros Poblados y Rural Disperso,125118
Atlántico,2016,Total,2427046
Atlántico,2017,Cabecera,2341186
Atlántico,2017,Centros Poblados y Rural Disperso,127243
Atlántico,2017,Total,2468429
Bogotá D.C.,2010,Cabecera,7077814
Bogotá D.C.,2010,Centros Poblados y Rural Disperso,19072
Bogotá D.C.,2010,Total,7096886
Bogotá D.C.,2011,Cabecera,7132915
Bogotá D.C.,2011,Centros Poblados y Rural Disperso,19741
Bogotá D.C.,2011,Total,7152656
Bogotá D.C.,2012,Cabecera,7175553
Bogotá D.C.,2012,Centros Poblados y Rural Disperso,20427
Bogotá D.C.,2012,Total,7195980
Bogotá D.C.,2013,Cabecera,7207289
Bogotá D.C.,2013,Centros Poblados y Rural Disperso,21138
Bogotá D.C.,2013,Total,7228427
Bogotá D.C.,2014,Cabecera,7231097
Bogotá D.C.,2014,Centros Poblados y Rural Disperso,21852
Bogotá D.C.,2014,Total,7252949
Bogotá D.C.,2015,Cabecera,7250675
Bogotá D.C.,2015,Centros Poblados y Rural Disperso,22590
Bogotá D.C.,2015,Total,7273265
Bogotá D.C.,2016,Cabecera,7277543
Bogotá D.C.,2016,Centros Poblados y Rural Disperso,23375
Bogotá D.C.,2016,Total,7300918
Bogotá D.C.,2017,Cabecera,7313244
Bogotá D.C.,2017,Centros Poblados y Rural Disperso,24205
Bogotá D.C.,2017,Total,7337449
Bolívar,2010,Cabecera,1426358
Bolívar,2010,Centros Poblados y Rural Disperso,481572
Bolívar,2010,Total,1907930
Bolívar,2011,Cabecera,1440662
Bolívar,2011,Centros Poblados y Rural Disperso,485935
Bolívar,2011,Total,1926597
Bolívar,2012,Cabecera,1454177
Bolívar,2012,Centros Poblados y Rural Disperso,490122
Bolívar,2012,Total,1944299
Bolívar,2013,Cabecera,1467066
Bolívar,2013,Centros Poblados y Rural Disperso,494184
Bolívar,2013,Total,1961250
Bolívar,2014,Cabecera,1479378
Bolívar,2014,Centros Poblados y Rural Disperso,498100
Bolívar,2014,Total,1977478
Bolívar,2015,Cabecera,1491690
Bolívar,2015,Centros Poblados y Rural Disperso,502070
Bolívar,2015,Total,1993760
Bolívar,2016,Cabecera,1506195
Bolívar,2016,Centros Poblados y Rural Disperso,506815
Bolívar,2016,Total,2013010
Bolívar,2017,Cabecera,1523254
Bolívar,2017,Centros Poblados y Rural Disperso,512457
Bolívar,2017,Total,2035711
Boyacá,2010,Cabecera,634218
Boyacá,2010,Centros Poblados y Rural Disperso,530986
Boyacá,2010,Total,1165204
Boyacá,2011,Cabecera,643722
Boyacá,2011,Centros Poblados y Rural Disperso,526918
Boyacá,2011,Total,1170640
Boyacá,2012,Cabecera,652964
Boyacá,2012,Centros Poblados y Rural Disperso,523105
Boyacá,2012,Total,1176069
Boyacá,2013,Cabecera,661995
Boyacá,2013,Centros Poblados y Rural Disperso,519585
Boyacá,2013,Total,1181580
Boyacá,2014,Cabecera,670836
Boyacá,2014,Centros Poblados y Rural Disperso,516413
Boyacá,2014,Total,1187249
Boyacá,2015,Cabecera,679600
Boyacá,2015,Centros Poblados y Rural Disperso,513606
Boyacá,2015,Total,1193206
Boyacá,2016,Cabecera,688566
Boyacá,2016,Centros Poblados y Rural Disperso,511412
Boyacá,2016,Total,1199978
Boyacá,2017,Cabecera,697814
Boyacá,2017,Centros Poblados y Rural Disperso,509851
Boyacá,2017,Total,1207665
Caldas,2010,Cabecera,698312
Caldas,2010,Centros Poblados y Rural Disperso,285992
Caldas,2010,Total,984304
Caldas,2011,Cabecera,702154
Caldas,2011,Centros Poblados y Rural Disperso,281344
Caldas,2011,Total,983498
Caldas,2012,Cabecera,706069
Caldas,2012,Centros Poblados y Rural Disperso,276835
Caldas,2012,Total,982904
Caldas,2013,Cabecera,710063
Caldas,2013,Centros Poblados y Rural Disperso,272500
Caldas,2013,Total,982563
Caldas,2014,Cabecera,714460
Caldas,2014,Centros Poblados y Rural Disperso,268473
Caldas,2014,Total,982933
Caldas,2015,Cabecera,719487
Caldas,2015,Centros Poblados y Rural Disperso,264873
Caldas,2015,Total,984360
Caldas,2016,Cabecera,725445
Caldas,2016,Centros Poblados y Rural Disperso,261769
Caldas,2016,Total,987214
Caldas,2017,Cabecera,732198
Caldas,2017,Centros Poblados y Rural Disperso,259165
Caldas,2017,Total,991363
Caquetá,2010,Cabecera,250898
Caquetá,2010,Centros Poblados y Rural Disperso,139747
Caquetá,2010,Total,390645
Caquetá,2011,Cabecera,252241
Caquetá,2011,Centros Poblados y Rural Disperso,140370
Caquetá,2011,Total,392611
Caquetá,2012,Cabecera,253414
Caquetá,2012,Centros Poblados y Rural Disperso,140965
Caquetá,2012,Total,394379
Caquetá,2013,Cabecera,254459
Caquetá,2013,Centros Poblados y Rural Disperso,141488
Caquetá,2013,Total,395947
Caquetá,2014,Cabecera,255391
Caquetá,2014,Centros Poblados y Rural Disperso,141992
Caquetá,2014,Total,397383
Caquetá,2015,Cabecera,256257
Caquetá,2015,Centros Poblados y Rural Disperso,142468
Caquetá,2015,Total,398725
Caquetá,2016,Cabecera,257077
Caquetá,2016,Centros Poblados y Rural Disperso,142906
Caquetá,2016,Total,399983
Caquetá,2017,Cabecera,257795
Caquetá,2017,Centros Poblados y Rural Disperso,143304
Caquetá,2017,Total,401099
Cauca,2010,Cabecera,504266
Cauca,2010,Centros Poblados y Rural Disperso,848676
Cauca,2010,Total,1352942
Cauca,2011,Cabecera,509433
Cauca,2011,Centros Poblados y Rural Disperso,857325
Cauca,2011,Total,1366758
Cauca,2012,Cabecera,514472
Cauca,2012,Centros Poblados y Rural Disperso,865785
Cauca,2012,Total,1380257
Cauca,2013,Cabecera,519414
Cauca,2013,Centros Poblados y Rural Disperso,874051
Cauca,2013,Total,1393465
Cauca,2014,Cabecera,524361
Cauca,2014,Centros Poblados y Rural Disperso,882374
Cauca,2014,Total,1406735
Cauca,2015,Cabecera,529433
Cauca,2015,Centros Poblados y Rural Disperso,890880
Cauca,2015,Total,1420313
Cauca,2016,Cabecera,534678
Cauca,2016,Centros Poblados y Rural Disperso,899717
Cauca,2016,Total,1434395
Cauca,2017,Cabecera,540059
Cauca,2017,Centros Poblados y Rural Disperso,908778
Cauca,2017,Total,1448837
Cesar,2010,Cabecera,768778
Cesar,2010,Centros Poblados y Rural Disperso,258311
Cesar,2010,Total,1027089
Cesar,2011,Cabecera,782947
Cesar,2011,Centros Poblados y Rural Disperso,260807
Cesar,2011,Total,1043754
Cesar,2012,Cabecera,796656
Cesar,2012,Centros Poblados y Rural Disperso,264002
Cesar,2012,Total,1060658
Cesar,2013,Cabecera,810343
Cesar,2013,Centros Poblados y Rural Disperso,267690
Cesar,2013,Total,1078033
Cesar,2014,Cabecera,824026
Cesar,2014,Centros Poblados y Rural Disperso,271693
Cesar,2014,Total,1095719
Cesar,2015,Cabecera,838197
Cesar,2015,Centros Poblados y Rural Disperso,276072
Cesar,2015,Total,1114269
Cesar,2016,Cabecera,854921
Cesar,2016,Centros Poblados y Rural Disperso,281378
Cesar,2016,Total,1136299
Cesar,2017,Cabecera,874645
Cesar,2017,Centros Poblados y Rural Disperso,287770
Cesar,2017,Total,1162415
Córdoba,2010,Cabecera,859564
Córdoba,2010,Centros Poblados y Rural Disperso,777746
Córdoba,2010,Total,1637310
Córdoba,2011,Cabecera,869381
Córdoba,2011,Centros Poblados y Rural Disperso,786437
Córdoba,2011,Total,1655818
Córdoba,2012,Cabecera,878935
Córdoba,2012,Centros Poblados y Rural Disperso,794956
Córdoba,2012,Total,1673891
Córdoba,2013,Cabecera,888287
Córdoba,2013,Centros Poblados y Rural Disperso,803322
Córdoba,2013,Total,1691609
Córdoba,2014,Cabecera,897463
Córdoba,2014,Centros Poblados y Rural Disperso,811540
Córdoba,2014,Total,1709003
Córdoba,2015,Cabecera,906561
Córdoba,2015,Centros Poblados y Rural Disperso,819726
Córdoba,2015,Total,1726287
Córdoba,2016,Cabecera,916005
Córdoba,2016,Centros Poblados y Rural Disperso,828249
Córdoba,2016,Total,1744254
Córdoba,2017,Cabecera,925903
Córdoba,2017,Centros Poblados y Rural Disperso,837150
Córdoba,2017,Total,1763053
Cundinamarca,2010,Cabecera,1411173
Cundinamarca,2010,Centros Poblados y Rural Disperso,723603
Cundinamarca,2010,Total,2134776
Cundinamarca,2011,Cabecera,1472132
Cundinamarca,2011,Centros Poblados y Rural Disperso,729960
Cundinamarca,2011,Total,2202092
Cundinamarca,2012,Cabecera,1538282
Cundinamarca,2012,Centros Poblados y Rural Disperso,737815
Cundinamarca,2012,Total,2276097
Cundinamarca,2013,Cabecera,1610083
Cundinamarca,2013,Centros Poblados y Rural Disperso,747256
Cundinamarca,2013,Total,2357339
Cundinamarca,2014,Cabecera,1687873
Cundinamarca,2014,Centros Poblados y Rural Disperso,758265
Cundinamarca,2014,Total,2446138
Cundinamarca,2015,Cabecera,1772310
Cundinamarca,2015,Centros Poblados y Rural Disperso,771028
Cundinamarca,2015,Total,2543338
Cundinamarca,2016,Cabecera,1865737
Cundinamarca,2016,Centros Poblados y Rural Disperso,786339
Cundinamarca,2016,Total,2652076
Cundinamarca,2017,Cabecera,1968975
Cundinamarca,2017,Centros Poblados y Rural Disperso,804310
Cundinamarca,2017,Total,2773285
Chocó,2010,Cabecera,208726
Chocó,2010,Centros Poblados y Rural Disperso,250727
Chocó,2010,Total,459453
Chocó,2011,Cabecera,213609
Chocó,2011,Centros Poblados y Rural Disperso,256478
Chocó,2011,Total,470087
Chocó,2012,Cabecera,218327
Chocó,2012,Centros Poblados y Rural Disperso,262064
Chocó,2012,Total,480391
Chocó,2013,Cabecera,222892
Chocó,2013,Centros Poblados y Rural Disperso,267446
Chocó,2013,Total,490338
Chocó,2014,Cabecera,227282
Chocó,2014,Centros Poblados y Rural Disperso,272664
Chocó,2014,Total,499946
Chocó,2015,Cabecera,231529
Chocó,2015,Centros Poblados y Rural Disperso,277711
Chocó,2015,Total,509240
Chocó,2016,Cabecera,235637
Chocó,2016,Centros Poblados y Rural Disperso,282597
Chocó,2016,Total,518234
Chocó,2017,Cabecera,239569
Chocó,2017,Centros Poblados y Rural Disperso,287319
Chocó,2017,Total,526888
Huila,2010,Cabecera,609385
Huila,2010,Centros Poblados y Rural Disperso,391987
Huila,2010,Total,1001372
Huila,2011,Cabecera,616732
Huila,2011,Centros Poblados y Rural Disperso,396686
Huila,2011,Total,1013418
Huila,2012,Cabecera,624020
Huila,2012,Centros Poblados y Rural Disperso,401364
Huila,2012,Total,1025384
Huila,2013,Cabecera,631253
Huila,2013,Centros Poblados y Rural Disperso,405999
Huila,2013,Total,1037252
Huila,2014,Cabecera,638538
Huila,2014,Centros Poblados y Rural Disperso,410677
Huila,2014,Total,1049215
Huila,2015,Cabecera,645963
Huila,2015,Centros Poblados y Rural Disperso,415442
Huila,2015,Total,1061405
Huila,2016,Cabecera,653574
Huila,2016,Centros Poblados y Rural Disperso,420342
Huila,2016,Total,1073916
Huila,2017,Cabecera,661340
Huila,2017,Centros Poblados y Rural Disperso,425314
Huila,2017,Total,1086654
La Guajira,2010,Cabecera,339525
La Guajira,2010,Centros Poblados y Rural Disperso,383388
La Guajira,2010,Total,722913
La Guajira,2011,Cabecera,345862
La Guajira,2011,Centros Poblados y Rural Disperso,392881
La Guajira,2011,Total,738743
La Guajira,2012,Cabecera,352643
La Guajira,2012,Centros Poblados y Rural Disperso,401931
La Guajira,2012,Total,754574
La Guajira,2013,Cabecera,359783
La Guajira,2013,Centros Poblados y Rural Disperso,410833
La Guajira,2013,Total,770616
La Guajira,2014,Cabecera,367057
La Guajira,2014,Centros Poblados y Rural Disperso,419561
La Guajira,2014,Total,786618
La Guajira,2015,Cabecera,374627
La Guajira,2015,Centros Poblados y Rural Disperso,428465
La Guajira,2015,Total,803092
La Guajira,2016,Cabecera,383711
La Guajira,2016,Centros Poblados y Rural Disperso,438989
La Guajira,2016,Total,822700
La Guajira,2017,Cabecera,394545
La Guajira,2017,Centros Poblados y Rural Disperso,451467
La Guajira,2017,Total,846012
Magdalena,2010,Cabecera,830618
Magdalena,2010,Centros Poblados y Rural Disperso,357382
Magdalena,2010,Total,1188000
Magdalena,2011,Cabecera,842545
Magdalena,2011,Centros Poblados y Rural Disperso,362432
Magdalena,2011,Total,1204977
Magdalena,2012,Cabecera,854091
Magdalena,2012,Centros Poblados y Rural Disperso,367328
Magdalena,2012,Total,1221419
Magdalena,2013,Cabecera,865390
Magdalena,2013,Centros Poblados y Rural Disperso,372153
Magdalena,2013,Total,1237543
Magdalena,2014,Cabecera,876369
Magdalena,2014,Centros Poblados y Rural Disperso,376842
Magdalena,2014,Total,1253211
Magdalena,2015,Cabecera,887420
Magdalena,2015,Centros Poblados y Rural Disperso,381560
Magdalena,2015,Total,1268980
Magdalena,2016,Cabecera,900356
Magdalena,2016,Centros Poblados y Rural Disperso,387106
Magdalena,2016,Total,1287462
Magdalena,2017,Cabecera,915586
Magdalena,2017,Centros Poblados y Rural Disperso,393673
Magdalena,2017,Total,1309259
Meta,2010,Cabecera,684802
Meta,2010,Centros Poblados y Rural Disperso,211232
Meta,2010,Total,896034
Meta,2011,Cabecera,699662
Meta,2011,Centros Poblados y Rural Disperso,215615
Meta,2011,Total,915277
Meta,2012,Cabecera,714048
Meta,2012,Centros Poblados y Rural Disperso,219918
Meta,2012,Total,933966
Meta,2013,Cabecera,727971
Meta,2013,Centros Poblados y Rural Disperso,224130
Meta,2013,Total,952101
Meta,2014,Cabecera,741548
Meta,2014,Centros Poblados y Rural Disperso,228260
Meta,2014,Total,969808
Meta,2015,Cabecera,754897
Meta,2015,Centros Poblados y Rural Disperso,232335
Meta,2015,Total,987232
Meta,2016,Cabecera,768213
Meta,2016,Centros Poblados y Rural Disperso,236420
Meta,2016,Total,1004633
Meta,2017,Cabecera,781463
Meta,2017,Centros Poblados y Rural Disperso,240480
Meta,2017,Total,1021943
Nariño,2010,Cabecera,689593
Nariño,2010,Centros Poblados y Rural Disperso,879820
Nariño,2010,Total,1569413
Nariño,2011,Cabecera,693645
Nariño,2011,Centros Poblados y Rural Disperso,884914
Nariño,2011,Total,1578559
Nariño,2012,Cabecera,697351
Nariño,2012,Centros Poblados y Rural Disperso,889594
Nariño,2012,Total,1586945
Nariño,2013,Cabecera,700622
Nariño,2013,Centros Poblados y Rural Disperso,893732
Nariño,2013,Total,1594354
Nariño,2014,Cabecera,703757
Nariño,2014,Centros Poblados y Rural Disperso,897709
Nariño,2014,Total,1601466
Nariño,2015,Cabecera,706965
Nariño,2015,Centros Poblados y Rural Disperso,901761
Nariño,2015,Total,1608726
Nariño,2016,Cabecera,710068
Nariño,2016,Centros Poblados y Rural Disperso,905699
Nariño,2016,Total,1615767
Nariño,2017,Cabecera,712802
Nariño,2017,Centros Poblados y Rural Disperso,909182
Nariño,2017,Total,1621984
Norte de Santander,2010,Cabecera,1071702
Norte de Santander,2010,Centros Poblados y Rural Disperso,292187
Norte de Santander,2010,Total,1363889
Norte de Santander,2011,Cabecera,1080229
Norte de Santander,2011,Centros Poblados y Rural Disperso,294025
Norte de Santander,2011,Total,1374254
Norte de Santander,2012,Cabecera,1087964
Norte de Santander,2012,Centros Poblados y Rural Disperso,295741
Norte de Santander,2012,Total,1383705
Norte de Santander,2013,Cabecera,1095269
Norte de Santander,2013,Centros Poblados y Rural Disperso,297439
Norte de Santander,2013,Total,1392708
Norte de Santander,2014,Cabecera,1101991
Norte de Santander,2014,Centros Poblados y Rural Disperso,299024
Norte de Santander,2014,Total,1401015
Norte de Santander,2015,Cabecera,1109106
Norte de Santander,2015,Centros Poblados y Rural Disperso,300794
Norte de Santander,2015,Total,1409900
Norte de Santander,2016,Cabecera,1120904
Norte de Santander,2016,Centros Poblados y Rural Disperso,303857
Norte de Santander,2016,Total,1424761
Norte de Santander,2017,Cabecera,1138292
Norte de Santander,2017,Centros Poblados y Rural Disperso,308456
Norte de Santander,2017,Total,1446748
Quindío,2010,Cabecera,451990
Quindío,2010,Centros Poblados y Rural Disperso,65357
Quindío,2010,Total,517347
Quindío,2011,Cabecera,453557
Quindío,2011,Centros Poblados y Rural Disperso,65532
Quindío,2011,Total,519089
Quindío,2012,Cabecera,455012
Quindío,2012,Centros Poblados y Rural Disperso,65685
Quindío,2012,Total,520697
Quindío,2013,Cabecera,456313
Quindío,2013,Centros Poblados y Rural Disperso,65844
Quindío,2013,Total,522157
Quindío,2014,Cabecera,457921
Quindío,2014,Centros Poblados y Rural Disperso,66049
Quindío,2014,Total,523970
Quindío,2015,Cabecera,460144
Quindío,2015,Centros Poblados y Rural Disperso,66340
Quindío,2015,Total,526484
Quindío,2016,Cabecera,463141
Quindío,2016,Centros Poblados y Rural Disperso,66750
Quindío,2016,Total,529891
Quindío,2017,Cabecera,466715
Quindío,2017,Centros Poblados y Rural Disperso,67251
Quindío,2017,Total,533966
Risaralda,2010,Cabecera,695098
Risaralda,2010,Centros Poblados y Rural Disperso,207896
Risaralda,2010,Total,902994
Risaralda,2011,Cabecera,700342
Risaralda,2011,Centros Poblados y Rural Disperso,207554
Risaralda,2011,Total,907896
Risaralda,2012,Cabecera,704966
Risaralda,2012,Centros Poblados y Rural Disperso,207121
Risaralda,2012,Total,912087
Risaralda,2013,Cabecera,708847
Risaralda,2013,Centros Poblados y Rural Disperso,206566
Risaralda,2013,Total,915413
Risaralda,2014,Cabecera,712845
Risaralda,2014,Centros Poblados y Rural Disperso,206120
Risaralda,2014,Total,918965
Risaralda,2015,Cabecera,717489
Risaralda,2015,Centros Poblados y Rural Disperso,205954
Risaralda,2015,Total,923443
Risaralda,2016,Cabecera,722943
Risaralda,2016,Centros Poblados y Rural Disperso,206103
Risaralda,2016,Total,929046
Risaralda,2017,Cabecera,728755
Risaralda,2017,Centros Poblados y Rural Disperso,206409
Risaralda,2017,Total,935164
Santander,2010,Cabecera,1462795
Santander,2010,Centros Poblados y Rural Disperso,533557
Santander,2010,Total,1996352
Santander,2011,Cabecera,1485620
Santander,2011,Centros Poblados y Rural Disperso,532060
Santander,2011,Total,2017680
Santander,2012,Cabecera,1507681
Santander,2012,Centros Poblados y Rural Disperso,530441
Santander,2012,Total,2038122
Santander,2013,Cabecera,1529152
Santander,2013,Centros Poblados y Rural Disperso,528800
Santander,2013,Total,2057952
Santander,2014,Cabecera,1550183
Santander,2014,Centros Poblados y Rural Disperso,527165
Santander,2014,Total,2077348
Santander,2015,Cabecera,1571314
Santander,2015,Centros Poblados y Rural Disperso,525755
Santander,2015,Total,2097069
Santander,2016,Cabecera,1594698
Santander,2016,Centros Poblados y Rural Disperso,525256
Santander,2016,Total,2119954
Santander,2017,Cabecera,1620734
Santander,2017,Centros Poblados y Rural Disperso,525762
Santander,2017,Total,2146496
Sucre,2010,Cabecera,519701
Sucre,2010,Centros Poblados y Rural Disperso,306710
Sucre,2010,Total,826411
Sucre,2011,Cabecera,524950
Sucre,2011,Centros Poblados y Rural Disperso,309786
Sucre,2011,Total,834736
Sucre,2012,Cabecera,530124
Sucre,2012,Centros Poblados y Rural Disperso,312826
Sucre,2012,Total,842950
Sucre,2013,Cabecera,535295
Sucre,2013,Centros Poblados y Rural Disperso,315862
Sucre,2013,Total,851157
Sucre,2014,Cabecera,540432
Sucre,2014,Centros Poblados y Rural Disperso,318892
Sucre,2014,Total,859324
Sucre,2015,Cabecera,545710
Sucre,2015,Centros Poblados y Rural Disperso,321991
Sucre,2015,Total,867701
Sucre,2016,Cabecera,551816
Sucre,2016,Centros Poblados y Rural Disperso,325581
Sucre,2016,Total,877397
Sucre,2017,Cabecera,558884
Sucre,2017,Centros Poblados y Rural Disperso,329754
Sucre,2017,Total,888638
Tolima,2010,Cabecera,875727
Tolima,2010,Centros Poblados y Rural Disperso,437041
Tolima,2010,Total,1312768
Tolima,2011,Cabecera,879927
Tolima,2011,Centros Poblados y Rural Disperso,434552
Tolima,2011,Total,1314479
Tolima,2012,Cabecera,883873
Tolima,2012,Centros Poblados y Rural Disperso,432181
Tolima,2012,Total,1316054
Tolima,2013,Cabecera,887563
Tolima,2013,Centros Poblados y Rural Disperso,429944
Tolima,2013,Total,1317507
Tolima,2014,Cabecera,891162
Tolima,2014,Centros Poblados y Rural Disperso,427898
Tolima,2014,Total,1319060
Tolima,2015,Cabecera,894812
Tolima,2015,Centros Poblados y Rural Disperso,426099
Tolima,2015,Total,1320911
Tolima,2016,Cabecera,898714
Tolima,2016,Centros Poblados y Rural Disperso,424609
Tolima,2016,Total,1323323
Tolima,2017,Cabecera,902789
Tolima,2017,Centros Poblados y Rural Disperso,423414
Tolima,2017,Total,1326203
Valle del Cauca,2010,Cabecera,3679800
Valle del Cauca,2010,Centros Poblados y Rural Disperso,643951
Valle del Cauca,2010,Total,4323751
Valle del Cauca,2011,Cabecera,3696363
Valle del Cauca,2011,Centros Poblados y Rural Disperso,646768
Valle del Cauca,2011,Total,4343131
Valle del Cauca,2012,Cabecera,3710159
Valle del Cauca,2012,Centros Poblados y Rural Disperso,649129
Valle del Cauca,2012,Total,4359288
Valle del Cauca,2013,Cabecera,3720434
Valle del Cauca,2013,Centros Poblados y Rural Disperso,650870
Valle del Cauca,2013,Total,4371304
Valle del Cauca,2014,Cabecera,3730435
Valle del Cauca,2014,Centros Poblados y Rural Disperso,652583
Valle del Cauca,2014,Total,4383018
Valle del Cauca,2015,Cabecera,3742514
Valle del Cauca,2015,Centros Poblados y Rural Disperso,654680
Valle del Cauca,2015,Total,4397194
Valle del Cauca,2016,Cabecera,3757319
Valle del Cauca,2016,Centros Poblados y Rural Disperso,657250
Valle del Cauca,2016,Total,4414569
Valle del Cauca,2017,Cabecera,3772643
Valle del Cauca,2017,Centros Poblados y Rural Disperso,659906
Valle del Cauca,2017,Total,4432549
Arauca,2010,Cabecera,150455
Arauca,2010,Centros Poblados y Rural Disperso,78058
Arauca,2010,Total,228513
Arauca,2011,Cabecera,151663
Arauca,2011,Centros Poblados y Rural Disperso,78686
Arauca,2011,Total,230349
Arauca,2012,Cabecera,152966
Arauca,2012,Centros Poblados y Rural Disperso,79350
Arauca,2012,Total,232316
Arauca,2013,Cabecera,154423
Arauca,2013,Centros Poblados y Rural Disperso,80106
Arauca,2013,Total,234529
Arauca,2014,Cabecera,156009
Arauca,2014,Centros Poblados y Rural Disperso,80922
Arauca,2014,Total,236931
Arauca,2015,Cabecera,157884
Arauca,2015,Centros Poblados y Rural Disperso,81888
Arauca,2015,Total,239772
Arauca,2016,Cabecera,160796
Arauca,2016,Centros Poblados y Rural Disperso,83410
Arauca,2016,Total,244206
Arauca,2017,Cabecera,164947
Arauca,2017,Centros Poblados y Rural Disperso,85555
Arauca,2017,Total,250502
Casanare,2010,Cabecera,254145
Casanare,2010,Centros Poblados y Rural Disperso,107679
Casanare,2010,Total,361824
Casanare,2011,Cabecera,259137
Casanare,2011,Centros Poblados y Rural Disperso,109775
Casanare,2011,Total,368912
Casanare,2012,Cabecera,264041
Casanare,2012,Centros Poblados y Rural Disperso,111831
Casanare,2012,Total,375872
Casanare,2013,Cabecera,268881
Casanare,2013,Centros Poblados y Rural Disperso,113854
Casanare,2013,Total,382735
Casanare,2014,Cabecera,273652
Casanare,2014,Centros Poblados y Rural Disperso,115859
Casanare,2014,Total,389511
Casanare,2015,Cabecera,278433
Casanare,2015,Centros Poblados y Rural Disperso,117887
Casanare,2015,Total,396320
Casanare,2016,Cabecera,283526
Casanare,2016,Centros Poblados y Rural Disperso,120028
Casanare,2016,Total,403554
Casanare,2017,Cabecera,288933
Casanare,2017,Centros Poblados y Rural Disperso,122322
Casanare,2017,Total,411255
Putumayo,2010,Cabecera,149078
Putumayo,2010,Centros Poblados y Rural Disperso,148522
Putumayo,2010,Total,297600
Putumayo,2011,Cabecera,152297
Putumayo,2011,Centros Poblados y Rural Disperso,151632
Putumayo,2011,Total,303929
Putumayo,2012,Cabecera,155382
Putumayo,2012,Centros Poblados y Rural Disperso,154645
Putumayo,2012,Total,310027
Putumayo,2013,Cabecera,158356
Putumayo,2013,Centros Poblados y Rural Disperso,157585
Putumayo,2013,Total,315941
Putumayo,2014,Cabecera,161324
Putumayo,2014,Centros Poblados y Rural Disperso,160526
Putumayo,2014,Total,321850
Putumayo,2015,Cabecera,164338
Putumayo,2015,Centros Poblados y Rural Disperso,163518
Putumayo,2015,Total,327856
Putumayo,2016,Cabecera,167500
Putumayo,2016,Centros Poblados y Rural Disperso,166652
Putumayo,2016,Total,334152
Putumayo,2017,Cabecera,170811
Putumayo,2017,Centros Poblados y Rural Disperso,169939
Putumayo,2017,Total,340750
San Andrés,2010,Cabecera,44858
San Andrés,2010,Centros Poblados y Rural Disperso,16929
San Andrés,2010,Total,61787
San Andrés,2011,Cabecera,44838
San Andrés,2011,Centros Poblados y Rural Disperso,16873
San Andrés,2011,Total,61711
San Andrés,2012,Cabecera,44824
San Andrés,2012,Centros Poblados y Rural Disperso,16809
San Andrés,2012,Total,61633
San Andrés,2013,Cabecera,44804
San Andrés,2013,Centros Poblados y Rural Disperso,16739
San Andrés,2013,Total,61543
San Andrés,2014,Cabecera,44789
San Andrés,2014,Centros Poblados y Rural Disperso,16674
San Andrés,2014,Total,61463
San Andrés,2015,Cabecera,44801
San Andrés,2015,Centros Poblados y Rural Disperso,16605
San Andrés,2015,Total,61406
San Andrés,2016,Cabecera,44824
San Andrés,2016,Centros Poblados y Rural Disperso,16534
San Andrés,2016,Total,61358
San Andrés,2017,Cabecera,44846
San Andrés,2017,Centros Poblados y Rural Disperso,16463
San Andrés,2017,Total,61309
Amazonas,2010,Cabecera,32027
Amazonas,2010,Centros Poblados y Rural Disperso,33964
Amazonas,2010,Total,65991
Amazonas,2011,Cabecera,32655
Amazonas,2011,Centros Poblados y Rural Disperso,34706
Amazonas,2011,Total,67361
Amazonas,2012,Cabecera,33268
Amazonas,2012,Centros Poblados y Rural Disperso,35413
Amazonas,2012,Total,68681
Amazonas,2013,Cabecera,33866
Amazonas,2013,Centros Poblados y Rural Disperso,36087
Amazonas,2013,Total,69953
Amazonas,2014,Cabecera,34464
Amazonas,2014,Centros Poblados y Rural Disperso,36751
Amazonas,2014,Total,71215
Amazonas,2015,Cabecera,35073
Amazonas,2015,Centros Poblados y Rural Disperso,37412
Amazonas,2015,Total,72485
Amazonas,2016,Cabecera,35704
Amazonas,2016,Centros Poblados y Rural Disperso,38086
Amazonas,2016,Total,73790
Amazonas,2017,Cabecera,36330
Amazonas,2017,Centros Poblados y Rural Disperso,38774
Amazonas,2017,Total,75104
Guainía,2010,Cabecera,15495
Guainía,2010,Centros Poblados y Rural Disperso,21298
Guainía,2010,Total,36793
Guainía,2011,Cabecera,16035
Guainía,2011,Centros Poblados y Rural Disperso,22037
Guainía,2011,Total,38072
Guainía,2012,Cabecera,16578
Guainía,2012,Centros Poblados y Rural Disperso,22776
Guainía,2012,Total,39354
Guainía,2013,Cabecera,17126
Guainía,2013,Centros Poblados y Rural Disperso,23512
Guainía,2013,Total,40638
Guainía,2014,Cabecera,17673
Guainía,2014,Centros Poblados y Rural Disperso,24273
Guainía,2014,Total,41946
Guainía,2015,Cabecera,18237
Guainía,2015,Centros Poblados y Rural Disperso,25054
Guainía,2015,Total,43291
Guainía,2016,Cabecera,18843
Guainía,2016,Centros Poblados y Rural Disperso,25879
Guainía,2016,Total,44722
Guainía,2017,Cabecera,19486
Guainía,2017,Centros Poblados y Rural Disperso,26764
Guainía,2017,Total,46250
Guaviare,2010,Cabecera,40600
Guaviare,2010,Centros Poblados y Rural Disperso,32594
Guaviare,2010,Total,73194
Guaviare,2011,Cabecera,40875
Guaviare,2011,Centros Poblados y Rural Disperso,32777
Guaviare,2011,Total,73652
Guaviare,2012,Cabecera,41242
Guaviare,2012,Centros Poblados y Rural Disperso,33039
Guaviare,2012,Total,74281
Guaviare,2013,Cabecera,41702
Guaviare,2013,Centros Poblados y Rural Disperso,33390
Guaviare,2013,Total,75092
Guaviare,2014,Cabecera,42267
Guaviare,2014,Centros Poblados y Rural Disperso,33834
Guaviare,2014,Total,76101
Guaviare,2015,Cabecera,42956
Guaviare,2015,Centros Poblados y Rural Disperso,34372
Guaviare,2015,Total,77328
Guaviare,2016,Cabecera,43773
Guaviare,2016,Centros Poblados y Rural Disperso,35023
Guaviare,2016,Total,78796
Guaviare,2017,Cabecera,44733
Guaviare,2017,Centros Poblados y Rural Disperso,35774
Guaviare,2017,Total,80507
Vaupés,2010,Cabecera,9390
Vaupés,2010,Centros Poblados y Rural Disperso,22287
Vaupés,2010,Total,31677
Vaupés,2011,Cabecera,9759
Vaupés,2011,Centros Poblados y Rural Disperso,23181
Vaupés,2011,Total,32940
Vaupés,2012,Cabecera,10128
Vaupés,2012,Centros Poblados y Rural Disperso,24037
Vaupés,2012,Total,34165
Vaupés,2013,Cabecera,10479
Vaupés,2013,Centros Poblados y Rural Disperso,24874
Vaupés,2013,Total,35353
Vaupés,2014,Cabecera,10815
Vaupés,2014,Centros Poblados y Rural Disperso,25694
Vaupés,2014,Total,36509
Vaupés,2015,Cabecera,11151
Vaupés,2015,Centros Poblados y Rural Disperso,26487
Vaupés,2015,Total,37638
Vaupés,2016,Cabecera,11481
Vaupés,2016,Centros Poblados y Rural Disperso,27256
Vaupés,2016,Total,38737
Vaupés,2017,Cabecera,11802
Vaupés,2017,Centros Poblados y Rural Disperso,28009
Vaupés,2017,Total,39811
Vichada,2010,Cabecera,23946
Vichada,2010,Centros Poblados y Rural Disperso,65368
Vichada,2010,Total,89314
Vichada,2011,Cabecera,24247
Vichada,2011,Centros Poblados y Rural Disperso,67355
Vichada,2011,Total,91602
Vichada,2012,Cabecera,24506
Vichada,2012,Centros Poblados y Rural Disperso,69343
Vichada,2012,Total,93849
Vichada,2013,Cabecera,24754
Vichada,2013,Centros Poblados y Rural Disperso,71303
Vichada,2013,Total,96057
Vichada,2014,Cabecera,24951
Vichada,2014,Centros Poblados y Rural Disperso,73277
Vichada,2014,Total,98228
Vichada,2015,Cabecera,25141
Vichada,2015,Centros Poblados y Rural Disperso,75251
Vichada,2015,Total,100392
Vichada,2016,Cabecera,25331
Vichada,2016,Centros Poblados y Rural Disperso,77332
Vichada,2016,Total,102663
Vichada,2017,Cabecera,25537
Vichada,2017,Centros Poblados y Rural Disperso,79522
Vichada,2017,Total,105059
Antioquia,2018,Cabecera,4972941
Antioquia,2018,Centros Poblados y Rural Disperso,1434161
Antioquia,2018,Total,6407102
Atlántico,2018,Cabecera,2404831
Atlántico,2018,Centros Poblados y Rural Disperso,130686
Atlántico,2018,Total,2535517
Bogotá D.C.,2018,Cabecera,7387400
Bogotá D.C.,2018,Centros Poblados y Rural Disperso,25166
Bogotá D.C.,2018,Total,7412566
Bolívar,2018,Cabecera,1549063
Bolívar,2018,Centros Poblados y Rural Disperso,521047
Bolívar,2018,Total,2070110
Boyacá,2018,Cabecera,708006
Boyacá,2018,Centros Poblados y Rural Disperso,509370
Boyacá,2018,Total,1217376
Caldas,2018,Cabecera,740865
Caldas,2018,Centros Poblados y Rural Disperso,257390
Caldas,2018,Total,998255
Caquetá,2018,Cabecera,258280
Caquetá,2018,Centros Poblados y Rural Disperso,143569
Caquetá,2018,Total,401849
Cauca,2018,Cabecera,545902
Cauca,2018,Centros Poblados y Rural Disperso,918586
Cauca,2018,Total,1464488
Cesar,2018,Cabecera,903411
Cesar,2018,Centros Poblados y Rural Disperso,297163
Cesar,2018,Total,1200574
Córdoba,2018,Cabecera,937319
Córdoba,2018,Centros Poblados y Rural Disperso,847464
Córdoba,2018,Total,1784783
Cundinamarca,2018,Cabecera,2090845
Cundinamarca,2018,Centros Poblados y Rural Disperso,828215
Cundinamarca,2018,Total,2919060
Chocó,2018,Cabecera,243194
Chocó,2018,Centros Poblados y Rural Disperso,291632
Chocó,2018,Total,534826
Huila,2018,Cabecera,669697
Huila,2018,Centros Poblados y Rural Disperso,430689
Huila,2018,Total,1100386
La Guajira,2018,Cabecera,410636
La Guajira,2018,Centros Poblados y Rural Disperso,469924
La Guajira,2018,Total,880560
Magdalena,2018,Cabecera,938320
Magdalena,2018,Centros Poblados y Rural Disperso,403426
Magdalena,2018,Total,1341746
Meta,2018,Cabecera,795061
Meta,2018,Centros Poblados y Rural Disperso,244661
Meta,2018,Total,1039722
Nariño,2018,Cabecera,716592
Nariño,2018,Centros Poblados y Rural Disperso,914000
Nariño,2018,Total,1630592
Norte de Santander,2018,Cabecera,1173712
Norte de Santander,2018,Centros Poblados y Rural Disperso,317977
Norte de Santander,2018,Total,1491689
Quindío,2018,Cabecera,471910
Quindío,2018,Centros Poblados y Rural Disperso,67994
Quindío,2018,Total,539904
Risaralda,2018,Cabecera,736164
Risaralda,2018,Centros Poblados y Rural Disperso,207237
Risaralda,2018,Total,943401
Santander,2018,Cabecera,1655627
Santander,2018,Centros Poblados y Rural Disperso,529210
Santander,2018,Total,2184837
Sucre,2018,Cabecera,569089
Sucre,2018,Centros Poblados y Rural Disperso,335774
Sucre,2018,Total,904863
Tolima,2018,Cabecera,907506
Tolima,2018,Centros Poblados y Rural Disperso,422681
Tolima,2018,Total,1330187
Valle del Cauca,2018,Cabecera,3809542
Valle del Cauca,2018,Centros Poblados y Rural Disperso,666344
Valle del Cauca,2018,Total,4475886
Arauca,2018,Cabecera,172634
Arauca,2018,Centros Poblados y Rural Disperso,89540
Arauca,2018,Total,262174
Casanare,2018,Cabecera,295434
Casanare,2018,Centros Poblados y Rural Disperso,125070
Casanare,2018,Total,420504
Putumayo,2018,Cabecera,174539
Putumayo,2018,Centros Poblados y Rural Disperso,173643
Putumayo,2018,Total,348182
San Andrés,2018,Cabecera,44893
San Andrés,2018,Centros Poblados y Rural Disperso,16387
San Andrés,2018,Total,61280
Amazonas,2018,Cabecera,37047
Amazonas,2018,Centros Poblados y Rural Disperso,39542
Amazonas,2018,Total,76589
Guainía,2018,Cabecera,20279
Guainía,2018,Centros Poblados y Rural Disperso,27835
Guainía,2018,Total,48114
Guaviare,2018,Cabecera,45991
Guaviare,2018,Centros Poblados y Rural Disperso,36776
Guaviare,2018,Total,82767
Vaupés,2018,Cabecera,12090
Vaupés,2018,Centros Poblados y Rural Disperso,28707
Vaupés,2018,Total,40797
Vichada,2018,Cabecera,25833
Vichada,2018,Centros Poblados y Rural Disperso,81975
Vichada,2018,Total,107808
Antioquia,2019,Cabecera,5133738
Antioquia,2019,Centros Poblados y Rural Disperso,1416468
Antioquia,2019,Total,6550206
Atlántico,2019,Cabecera,2502642
Atlántico,2019,Centros Poblados y Rural Disperso,135509
Atlántico,2019,Total,2638151
Bogotá D.C.,2019,Cabecera,7566185
Bogotá D.C.,2019,Centros Poblados y Rural Disperso,26686
Bogotá D.C.,2019,Total,7592871
Bolívar,2019,Cabecera,1587489
Bolívar,2019,Centros Poblados y Rural Disperso,543023
Bolívar,2019,Total,2130512
Boyacá,2019,Cabecera,722864
Boyacá,2019,Centros Poblados y Rural Disperso,508046
Boyacá,2019,Total,1230910
Caldas,2019,Cabecera,755182
Caldas,2019,Centros Poblados y Rural Disperso,253162
Caldas,2019,Total,1008344
Caquetá,2019,Cabecera,262723
Caquetá,2019,Centros Poblados y Rural Disperso,143419
Caquetá,2019,Total,406142
Cauca,2019,Cabecera,546328
Cauca,2019,Centros Poblados y Rural Disperso,932079
Cauca,2019,Total,1478407
Cesar,2019,Cabecera,942129
Cesar,2019,Centros Poblados y Rural Disperso,310269
Cesar,2019,Total,1252398
Córdoba,2019,Cabecera,945587
Córdoba,2019,Centros Poblados y Rural Disperso,862852
Córdoba,2019,Total,1808439
Cundinamarca,2019,Cabecera,2250178
Cundinamarca,2019,Centros Poblados y Rural Disperso,835344
Cundinamarca,2019,Total,3085522
Chocó,2019,Cabecera,243223
Chocó,2019,Centros Poblados y Rural Disperso,296710
Chocó,2019,Total,539933
Huila,2019,Cabecera,674903
Huila,2019,Centros Poblados y Rural Disperso,436941
Huila,2019,Total,1111844
La Guajira,2019,Cabecera,445158
La Guajira,2019,Centros Poblados y Rural Disperso,482348
La Guajira,2019,Total,927506
Magdalena,2019,Cabecera,967629
Magdalena,2019,Centros Poblados y Rural Disperso,421203
Magdalena,2019,Total,1388832
Meta,2019,Cabecera,803166
Meta,2019,Centros Poblados y Rural Disperso,248959
Meta,2019,Total,1052125
Nariño,2019,Cabecera,715004
Nariño,2019,Centros Poblados y Rural Disperso,913977
Nariño,2019,Total,1628981
Norte de Santander,2019,Cabecera,1235476
Norte de Santander,2019,Centros Poblados y Rural Disperso,329886
Norte de Santander,2019,Total,1565362
Quindío,2019,Cabecera,480255
Quindío,2019,Centros Poblados y Rural Disperso,67600
Quindío,2019,Total,547855
Risaralda,2019,Cabecera,749533
Risaralda,2019,Centros Poblados y Rural Disperso,202978
Risaralda,2019,Total,952511
Santander,2019,Cabecera,1704309
Santander,2019,Centros Poblados y Rural Disperso,533278
Santander,2019,Total,2237587
Sucre,2019,Cabecera,581298
Sucre,2019,Centros Poblados y Rural Disperso,347686
Sucre,2019,Total,928984
Tolima,2019,Cabecera,913544
Tolima,2019,Centros Poblados y Rural Disperso,421769
Tolima,2019,Total,1335313
Valle del Cauca,2019,Cabecera,3840356
Valle del Cauca,2019,Centros Poblados y Rural Disperso,666412
Valle del Cauca,2019,Total,4506768
Arauca,2019,Cabecera,183856
Arauca,2019,Centros Poblados y Rural Disperso,96253
Arauca,2019,Total,280109
Casanare,2019,Cabecera,303286
Casanare,2019,Centros Poblados y Rural Disperso,125277
Casanare,2019,Total,428563
Putumayo,2019,Cabecera,178490
Putumayo,2019,Centros Poblados y Rural Disperso,175269
Putumayo,2019,Total,353759
San Andrés,2019,Cabecera,45222
San Andrés,2019,Centros Poblados y Rural Disperso,17260
San Andrés,2019,Total,62482
Amazonas,2019,Cabecera,37968
Amazonas,2019,Centros Poblados y Rural Disperso,39785
Amazonas,2019,Total,77753
Guainía,2019,Cabecera,21334
Guainía,2019,Centros Poblados y Rural Disperso,28139
Guainía,2019,Total,49473
Guaviare,2019,Cabecera,47379
Guaviare,2019,Centros Poblados y Rural Disperso,37337
Guaviare,2019,Total,84716
Vaupés,2019,Cabecera,12512
Vaupés,2019,Centros Poblados y Rural Disperso,30209
Vaupés,2019,Total,42721
Vichada,2019,Cabecera,26910
Vichada,2019,Centros Poblados y Rural Disperso,83689
Vichada,2019,Total,110599
Antioquia,2020,Cabecera,5250157
Antioquia,2020,Centros Poblados y Rural Disperso,1399244
Antioquia,2020,Total,6649401
Antioquia,2021,Cabecera,5350556
Antioquia,2021,Centros Poblados y Rural Disperso,1375663
Antioquia,2021,Total,6726219
Antioquia,2022,Cabecera,5424921
Antioquia,2022,Centros Poblados y Rural Disperso,1362925
Antioquia,2022,Total,6787846
Antioquia,2023,Cabecera,5494521
Antioquia,2023,Centros Poblados y Rural Disperso,1353839
Antioquia,2023,Total,6848360
Antioquia,2024,Cabecera,5551824
Antioquia,2024,Centros Poblados y Rural Disperso,1351897
Antioquia,2024,Total,6903721
Antioquia,2025,Cabecera,5600952
Antioquia,2025,Centros Poblados y Rural Disperso,1350873
Antioquia,2025,Total,6951825
Antioquia,2026,Cabecera,5643692
Antioquia,2026,Centros Poblados y Rural Disperso,1350625
Antioquia,2026,Total,6994317
Antioquia,2027,Cabecera,5681698
Antioquia,2027,Centros Poblados y Rural Disperso,1351697
Antioquia,2027,Total,7033395
Antioquia,2028,Cabecera,5715714
Antioquia,2028,Centros Poblados y Rural Disperso,1354277
Antioquia,2028,Total,7069991
Antioquia,2029,Cabecera,5746268
Antioquia,2029,Centros Poblados y Rural Disperso,1358617
Antioquia,2029,Total,7104885
Antioquia,2030,Cabecera,5773785
Antioquia,2030,Centros Poblados y Rural Disperso,1364893
Antioquia,2030,Total,7138678
Atlántico,2020,Cabecera,2556249
Atlántico,2020,Centros Poblados y Rural Disperso,137416
Atlántico,2020,Total,2693665
Atlántico,2021,Cabecera,2601879
Atlántico,2021,Centros Poblados y Rural Disperso,139123
Atlántico,2021,Total,2741002
Atlántico,2022,Cabecera,2634865
Atlántico,2022,Centros Poblados y Rural Disperso,140093
Atlántico,2022,Total,2774958
Atlántico,2023,Cabecera,2662451
Atlántico,2023,Centros Poblados y Rural Disperso,141114
Atlántico,2023,Total,2803565
Atlántico,2024,Cabecera,2685141
Atlántico,2024,Centros Poblados y Rural Disperso,141983
Atlántico,2024,Total,2827124
Atlántico,2025,Cabecera,2702376
Atlántico,2025,Centros Poblados y Rural Disperso,142793
Atlántico,2025,Total,2845169
Atlántico,2026,Cabecera,2715635
Atlántico,2026,Centros Poblados y Rural Disperso,143504
Atlántico,2026,Total,2859139
Atlántico,2027,Cabecera,2726274
Atlántico,2027,Centros Poblados y Rural Disperso,144242
Atlántico,2027,Total,2870516
Atlántico,2028,Cabecera,2735164
Atlántico,2028,Centros Poblados y Rural Disperso,145041
Atlántico,2028,Total,2880205
Atlántico,2029,Cabecera,2743010
Atlántico,2029,Centros Poblados y Rural Disperso,145951
Atlántico,2029,Total,2888961
Atlántico,2030,Cabecera,2750423
Atlántico,2030,Centros Poblados y Rural Disperso,147000
Atlántico,2030,Total,2897423
Bogotá D.C.,2020,Cabecera,7704034
Bogotá D.C.,2020,Centros Poblados y Rural Disperso,28127
Bogotá D.C.,2020,Total,7732161
Bogotá D.C.,2021,Cabecera,7793869
Bogotá D.C.,2021,Centros Poblados y Rural Disperso,29465
Bogotá D.C.,2021,Total,7823334
Bogotá D.C.,2022,Cabecera,7842853
Bogotá D.C.,2022,Centros Poblados y Rural Disperso,30463
Bogotá D.C.,2022,Total,7873316
Bogotá D.C.,2023,Cabecera,7875957
Bogotá D.C.,2023,Centros Poblados y Rural Disperso,31324
Bogotá D.C.,2023,Total,7907281
Bogotá D.C.,2024,Cabecera,7897503
Bogotá D.C.,2024,Centros Poblados y Rural Disperso,32036
Bogotá D.C.,2024,Total,7929539
Bogotá D.C.,2025,Cabecera,7905282
Bogotá D.C.,2025,Centros Poblados y Rural Disperso,32616
Bogotá D.C.,2025,Total,7937898
Bogotá D.C.,2026,Cabecera,7902685
Bogotá D.C.,2026,Centros Poblados y Rural Disperso,33069
Bogotá D.C.,2026,Total,7935754
Bogotá D.C.,2027,Cabecera,7894481
Bogotá D.C.,2027,Centros Poblados y Rural Disperso,33410
Bogotá D.C.,2027,Total,7927891
Bogotá D.C.,2028,Cabecera,7882730
Bogotá D.C.,2028,Centros Poblados y Rural Disperso,33639
Bogotá D.C.,2028,Total,7916369
Bogotá D.C.,2029,Cabecera,7869122
Bogotá D.C.,2029,Centros Poblados y Rural Disperso,33788
Bogotá D.C.,2029,Total,7902910
Bogotá D.C.,2030,Cabecera,7854979
Bogotá D.C.,2030,Centros Poblados y Rural Disperso,33859
Bogotá D.C.,2030,Total,7888838
Bolívar,2020,Cabecera,1606341
Bolívar,2020,Centros Poblados y Rural Disperso,562953
Bolívar,2020,Total,2169294
Bolívar,2021,Cabecera,1624099
Bolívar,2021,Centros Poblados y Rural Disperso,578674
Bolívar,2021,Total,2202773
Bolívar,2022,Cabecera,1635733
Bolívar,2022,Centros Poblados y Rural Disperso,591451
Bolívar,2022,Total,2227184
Bolívar,2023,Cabecera,1644271
Bolívar,2023,Centros Poblados y Rural Disperso,603012
Bolívar,2023,Total,2247283
Bolívar,2024,Cabecera,1651875
Bolívar,2024,Centros Poblados y Rural Disperso,612648
Bolívar,2024,Total,2264523
Bolívar,2025,Cabecera,1657867
Bolívar,2025,Centros Poblados y Rural Disperso,620903
Bolívar,2025,Total,2278770
Bolívar,2026,Cabecera,1662490
Bolívar,2026,Centros Poblados y Rural Disperso,628248
Bolívar,2026,Total,2290738
Bolívar,2027,Cabecera,1666360
Bolívar,2027,Centros Poblados y Rural Disperso,634858
Bolívar,2027,Total,2301218
Bolívar,2028,Cabecera,1669760
Bolívar,2028,Centros Poblados y Rural Disperso,640877
Bolívar,2028,Total,2310637
Bolívar,2029,Cabecera,1672978
Bolívar,2029,Centros Poblados y Rural Disperso,646372
Bolívar,2029,Total,2319350
Bolívar,2030,Cabecera,1676243
Bolívar,2030,Centros Poblados y Rural Disperso,651473
Bolívar,2030,Total,2327716
Boyacá,2020,Cabecera,742548
Boyacá,2020,Centros Poblados y Rural Disperso,514741
Boyacá,2020,Total,1257289
Boyacá,2021,Cabecera,758077
Boyacá,2021,Centros Poblados y Rural Disperso,513562
Boyacá,2021,Total,1271639
Boyacá,2022,Cabecera,772082
Boyacá,2022,Centros Poblados y Rural Disperso,512953
Boyacá,2022,Total,1285035
Boyacá,2023,Cabecera,786220
Boyacá,2023,Centros Poblados y Rural Disperso,512580
Boyacá,2023,Total,1298800
Boyacá,2024,Cabecera,798089
Boyacá,2024,Centros Poblados y Rural Disperso,513894
Boyacá,2024,Total,1311983
Boyacá,2025,Cabecera,808583
Boyacá,2025,Centros Poblados y Rural Disperso,515539
Boyacá,2025,Total,1324122
Boyacá,2026,Cabecera,817954
Boyacá,2026,Centros Poblados y Rural Disperso,517456
Boyacá,2026,Total,1335410
Boyacá,2027,Cabecera,826470
Boyacá,2027,Centros Poblados y Rural Disperso,519694
Boyacá,2027,Total,1346164
Boyacá,2028,Cabecera,834211
Boyacá,2028,Centros Poblados y Rural Disperso,522251
Boyacá,2028,Total,1356462
Boyacá,2029,Cabecera,841137
Boyacá,2029,Centros Poblados y Rural Disperso,525242
Boyacá,2029,Total,1366379
Boyacá,2030,Cabecera,847379
Boyacá,2030,Centros Poblados y Rural Disperso,528608
Boyacá,2030,Total,1375987
Caldas,2020,Cabecera,769688
Caldas,2020,Centros Poblados y Rural Disperso,251747
Caldas,2020,Total,1021435
Caldas,2021,Cabecera,780970
Caldas,2021,Centros Poblados y Rural Disperso,247665
Caldas,2021,Total,1028635
Caldas,2022,Cabecera,790023
Caldas,2022,Centros Poblados y Rural Disperso,244128
Caldas,2022,Total,1034151
Caldas,2023,Cabecera,798911
Caldas,2023,Centros Poblados y Rural Disperso,241373
Caldas,2023,Total,1040284
Caldas,2024,Cabecera,806309
Caldas,2024,Centros Poblados y Rural Disperso,239801
Caldas,2024,Total,1046110
Caldas,2025,Cabecera,812660
Caldas,2025,Centros Poblados y Rural Disperso,238622
Caldas,2025,Total,1051282
Caldas,2026,Cabecera,818170
Caldas,2026,Centros Poblados y Rural Disperso,237755
Caldas,2026,Total,1055925
Caldas,2027,Cabecera,822984
Caldas,2027,Centros Poblados y Rural Disperso,237261
Caldas,2027,Total,1060245
Caldas,2028,Cabecera,827210
Caldas,2028,Centros Poblados y Rural Disperso,237114
Caldas,2028,Total,1064324
Caldas,2029,Cabecera,830858
Caldas,2029,Centros Poblados y Rural Disperso,237360
Caldas,2029,Total,1068218
Caldas,2030,Cabecera,833942
Caldas,2030,Centros Poblados y Rural Disperso,238036
Caldas,2030,Total,1071978
Caquetá,2020,Cabecera,268652
Caquetá,2020,Centros Poblados y Rural Disperso,145036
Caquetá,2020,Total,413688
Caquetá,2021,Cabecera,272904
Caquetá,2021,Centros Poblados y Rural Disperso,145363
Caquetá,2021,Total,418267
Caquetá,2022,Cabecera,276155
Caquetá,2022,Centros Poblados y Rural Disperso,145642
Caquetá,2022,Total,421797
Caquetá,2023,Cabecera,278964
Caquetá,2023,Centros Poblados y Rural Disperso,146089
Caquetá,2023,Total,425053
Caquetá,2024,Cabecera,281414
Caquetá,2024,Centros Poblados y Rural Disperso,146748
Caquetá,2024,Total,428162
Caquetá,2025,Cabecera,283439
Caquetá,2025,Centros Poblados y Rural Disperso,147445
Caquetá,2025,Total,430884
Caquetá,2026,Cabecera,285050
Caquetá,2026,Centros Poblados y Rural Disperso,148197
Caquetá,2026,Total,433247
Caquetá,2027,Cabecera,286313
Caquetá,2027,Centros Poblados y Rural Disperso,149076
Caquetá,2027,Total,435389
Caquetá,2028,Cabecera,287290
Caquetá,2028,Centros Poblados y Rural Disperso,150036
Caquetá,2028,Total,437326
Caquetá,2029,Cabecera,287910
Caquetá,2029,Centros Poblados y Rural Disperso,151153
Caquetá,2029,Total,439063
Caquetá,2030,Cabecera,288223
Caquetá,2030,Centros Poblados y Rural Disperso,152401
Caquetá,2030,Total,440624
Cauca,2020,Cabecera,551920
Cauca,2020,Centros Poblados y Rural Disperso,956141
Cauca,2020,Total,1508061
Cauca,2021,Cabecera,553237
Cauca,2021,Centros Poblados y Rural Disperso,972047
Cauca,2021,Total,1525284
Cauca,2022,Cabecera,554157
Cauca,2022,Centros Poblados y Rural Disperso,987108
Cauca,2022,Total,1541265
Cauca,2023,Cabecera,555626
Cauca,2023,Centros Poblados y Rural Disperso,1002419
Cauca,2023,Total,1558045
Cauca,2024,Cabecera,558270
Cauca,2024,Centros Poblados y Rural Disperso,1016236
Cauca,2024,Total,1574506
Cauca,2025,Cabecera,561251
Cauca,2025,Centros Poblados y Rural Disperso,1028920
Cauca,2025,Total,1590171
Cauca,2026,Cabecera,564311
Cauca,2026,Centros Poblados y Rural Disperso,1040834
Cauca,2026,Total,1605145
Cauca,2027,Cabecera,567480
Cauca,2027,Centros Poblados y Rural Disperso,1052188
Cauca,2027,Total,1619668
Cauca,2028,Cabecera,570699
Cauca,2028,Centros Poblados y Rural Disperso,1063088
Cauca,2028,Total,1633787
Cauca,2029,Cabecera,573997
Cauca,2029,Centros Poblados y Rural Disperso,1073551
Cauca,2029,Total,1647548
Cauca,2030,Cabecera,577458
Cauca,2030,Centros Poblados y Rural Disperso,1083516
Cauca,2030,Total,1660974
Cesar,2020,Cabecera,969600
Cesar,2020,Centros Poblados y Rural Disperso,321319
Cesar,2020,Total,1290919
Cesar,2021,Cabecera,992155
Cesar,2021,Centros Poblados y Rural Disperso,330223
Cesar,2021,Total,1322378
Cesar,2022,Cabecera,1010938
Cesar,2022,Centros Poblados y Rural Disperso,338224
Cesar,2022,Total,1349162
Cesar,2023,Cabecera,1028048
Cesar,2023,Centros Poblados y Rural Disperso,345533
Cesar,2023,Total,1373581
Cesar,2024,Cabecera,1043435
Cesar,2024,Centros Poblados y Rural Disperso,352051
Cesar,2024,Total,1395486
Cesar,2025,Cabecera,1056928
Cesar,2025,Centros Poblados y Rural Disperso,357931
Cesar,2025,Total,1414859
Cesar,2026,Cabecera,1069034
Cesar,2026,Centros Poblados y Rural Disperso,363304
Cesar,2026,Total,1432338
Cesar,2027,Cabecera,1080177
Cesar,2027,Centros Poblados y Rural Disperso,368376
Cesar,2027,Total,1448553
Cesar,2028,Cabecera,1090663
Cesar,2028,Centros Poblados y Rural Disperso,373215
Cesar,2028,Total,1463878
Cesar,2029,Cabecera,1100734
Cesar,2029,Centros Poblados y Rural Disperso,377898
Cesar,2029,Total,1478632
Cesar,2030,Cabecera,1110566
Cesar,2030,Centros Poblados y Rural Disperso,382551
Cesar,2030,Total,1493117
Córdoba,2020,Cabecera,957601
Córdoba,2020,Centros Poblados y Rural Disperso,884984
Córdoba,2020,Total,1842585
Córdoba,2021,Cabecera,964198
Córdoba,2021,Centros Poblados y Rural Disperso,900138
Córdoba,2021,Total,1864336
Córdoba,2022,Cabecera,969074
Córdoba,2022,Centros Poblados y Rural Disperso,913137
Córdoba,2022,Total,1882211
Córdoba,2023,Cabecera,973453
Córdoba,2023,Centros Poblados y Rural Disperso,925458
Córdoba,2023,Total,1898911
Córdoba,2024,Cabecera,978040
Córdoba,2024,Centros Poblados y Rural Disperso,936738
Córdoba,2024,Total,1914778
Córdoba,2025,Cabecera,982243
Córdoba,2025,Centros Poblados y Rural Disperso,947093
Córdoba,2025,Total,1929336
Córdoba,2026,Cabecera,986097
Córdoba,2026,Centros Poblados y Rural Disperso,956699
Córdoba,2026,Total,1942796
Córdoba,2027,Cabecera,989718
Córdoba,2027,Centros Poblados y Rural Disperso,965762
Córdoba,2027,Total,1955480
Córdoba,2028,Cabecera,993230
Córdoba,2028,Centros Poblados y Rural Disperso,974269
Córdoba,2028,Total,1967499
Córdoba,2029,Cabecera,996594
Córdoba,2029,Centros Poblados y Rural Disperso,982339
Córdoba,2029,Total,1978933
Córdoba,2030,Cabecera,999873
Córdoba,2030,Centros Poblados y Rural Disperso,990052
Córdoba,2030,Total,1989925
Cundinamarca,2020,Cabecera,2316850
Cundinamarca,2020,Centros Poblados y Rural Disperso,831104
Cundinamarca,2020,Total,3147954
Cundinamarca,2021,Cabecera,2412496
Cundinamarca,2021,Centros Poblados y Rural Disperso,821193
Cundinamarca,2021,Total,3233689
Cundinamarca,2022,Cabecera,2511490
Cundinamarca,2022,Centros Poblados y Rural Disperso,823147
Cundinamarca,2022,Total,3334637
Cundinamarca,2023,Cabecera,2616482
Cundinamarca,2023,Centros Poblados y Rural Disperso,828845
Cundinamarca,2023,Total,3445327
Cundinamarca,2024,Cabecera,2712978
Cundinamarca,2024,Centros Poblados y Rural Disperso,840315
Cundinamarca,2024,Total,3553293
Cundinamarca,2025,Cabecera,2804899
Cundinamarca,2025,Centros Poblados y Rural Disperso,852508
Cundinamarca,2025,Total,3657407
Cundinamarca,2026,Cabecera,2893377
Cundinamarca,2026,Centros Poblados y Rural Disperso,865052
Cundinamarca,2026,Total,3758429
Cundinamarca,2027,Cabecera,2979486
Cundinamarca,2027,Centros Poblados y Rural Disperso,877923
Cundinamarca,2027,Total,3857409
Cundinamarca,2028,Cabecera,3063354
Cundinamarca,2028,Centros Poblados y Rural Disperso,891386
Cundinamarca,2028,Total,3954740
Cundinamarca,2029,Cabecera,3145334
Cundinamarca,2029,Centros Poblados y Rural Disperso,905420
Cundinamarca,2029,Total,4050754
Cundinamarca,2030,Cabecera,3225497
Cundinamarca,2030,Centros Poblados y Rural Disperso,920245
Cundinamarca,2030,Total,4145742
Chocó,2020,Cabecera,251171
Chocó,2020,Centros Poblados y Rural Disperso,311216
Chocó,2020,Total,562387
Chocó,2021,Cabecera,253163
Chocó,2021,Centros Poblados y Rural Disperso,320685
Chocó,2021,Total,573848
Chocó,2022,Cabecera,255404
Chocó,2022,Centros Poblados y Rural Disperso,329117
Chocó,2022,Total,584521
Chocó,2023,Cabecera,257328
Chocó,2023,Centros Poblados y Rural Disperso,337810
Chocó,2023,Total,595138
Chocó,2024,Cabecera,259951
Chocó,2024,Centros Poblados y Rural Disperso,345527
Chocó,2024,Total,605478
Chocó,2025,Cabecera,262503
Chocó,2025,Centros Poblados y Rural Disperso,352579
Chocó,2025,Total,615082
Chocó,2026,Cabecera,264856
Chocó,2026,Centros Poblados y Rural Disperso,359184
Chocó,2026,Total,624040
Chocó,2027,Cabecera,266943
Chocó,2027,Centros Poblados y Rural Disperso,365721
Chocó,2027,Total,632664
Chocó,2028,Cabecera,269178
Chocó,2028,Centros Poblados y Rural Disperso,371789
Chocó,2028,Total,640967
Chocó,2029,Cabecera,271372
Chocó,2029,Centros Poblados y Rural Disperso,377601
Chocó,2029,Total,648973
Chocó,2030,Cabecera,273515
Chocó,2030,Centros Poblados y Rural Disperso,383200
Chocó,2030,Total,656715
Huila,2020,Cabecera,687414
Huila,2020,Centros Poblados y Rural Disperso,449497
Huila,2020,Total,1136911
Huila,2021,Cabecera,693584
Huila,2021,Centros Poblados y Rural Disperso,457627
Huila,2021,Total,1151211
Huila,2022,Cabecera,699526
Huila,2022,Centros Poblados y Rural Disperso,464937
Huila,2022,Total,1164463
Huila,2023,Cabecera,705917
Huila,2023,Centros Poblados y Rural Disperso,472536
Huila,2023,Total,1178453
Huila,2024,Cabecera,712640
Huila,2024,Centros Poblados y Rural Disperso,479633
Huila,2024,Total,1192273
Huila,2025,Cabecera,719024
Huila,2025,Centros Poblados y Rural Disperso,486294
Huila,2025,Total,1205318
Huila,2026,Cabecera,725038
Huila,2026,Centros Poblados y Rural Disperso,492633
Huila,2026,Total,1217671
Huila,2027,Cabecera,730852
Huila,2027,Centros Poblados y Rural Disperso,498681
Huila,2027,Total,1229533
Huila,2028,Cabecera,736328
Huila,2028,Centros Poblados y Rural Disperso,504596
Huila,2028,Total,1240924
Huila,2029,Cabecera,741616
Huila,2029,Centros Poblados y Rural Disperso,510241
Huila,2029,Total,1251857
Huila,2030,Cabecera,746681
Huila,2030,Centros Poblados y Rural Disperso,515726
Huila,2030,Total,1262407
La Guajira,2020,Cabecera,481253
La Guajira,2020,Centros Poblados y Rural Disperso,482814
La Guajira,2020,Total,964067
La Guajira,2021,Cabecera,500332
La Guajira,2021,Centros Poblados y Rural Disperso,492749
La Guajira,2021,Total,993081
La Guajira,2022,Cabecera,515338
La Guajira,2022,Centros Poblados y Rural Disperso,501783
La Guajira,2022,Total,1017121
La Guajira,2023,Cabecera,529039
La Guajira,2023,Centros Poblados y Rural Disperso,509358
La Guajira,2023,Total,1038397
La Guajira,2024,Cabecera,540264
La Guajira,2024,Centros Poblados y Rural Disperso,516988
La Guajira,2024,Total,1057252
La Guajira,2025,Cabecera,550147
La Guajira,2025,Centros Poblados y Rural Disperso,523704
La Guajira,2025,Total,1073851
La Guajira,2026,Cabecera,559005
La Guajira,2026,Centros Poblados y Rural Disperso,529798
La Guajira,2026,Total,1088803
La Guajira,2027,Cabecera,567399
La Guajira,2027,Centros Poblados y Rural Disperso,535348
La Guajira,2027,Total,1102747
La Guajira,2028,Cabecera,575012
La Guajira,2028,Centros Poblados y Rural Disperso,541050
La Guajira,2028,Total,1116062
La Guajira,2029,Cabecera,582266
La Guajira,2029,Centros Poblados y Rural Disperso,546776
La Guajira,2029,Total,1129042
La Guajira,2030,Cabecera,589313
La Guajira,2030,Centros Poblados y Rural Disperso,552684
La Guajira,2030,Total,1141997
Magdalena,2020,Cabecera,987845
Magdalena,2020,Centros Poblados y Rural Disperso,438178
Magdalena,2020,Total,1426023
Magdalena,2021,Cabecera,1001595
Magdalena,2021,Centros Poblados y Rural Disperso,452559
Magdalena,2021,Total,1454154
Magdalena,2022,Cabecera,1011191
Magdalena,2022,Centros Poblados y Rural Disperso,465175
Magdalena,2022,Total,1476366
Magdalena,2023,Cabecera,1019464
Magdalena,2023,Centros Poblados y Rural Disperso,476699
Magdalena,2023,Total,1496163
Magdalena,2024,Cabecera,1026917
Magdalena,2024,Centros Poblados y Rural Disperso,486865
Magdalena,2024,Total,1513782
Magdalena,2025,Cabecera,1033279
Magdalena,2025,Centros Poblados y Rural Disperso,495759
Magdalena,2025,Total,1529038
Magdalena,2026,Cabecera,1038748
Magdalena,2026,Centros Poblados y Rural Disperso,503789
Magdalena,2026,Total,1542537
Magdalena,2027,Cabecera,1044003
Magdalena,2027,Centros Poblados y Rural Disperso,510864
Magdalena,2027,Total,1554867
Magdalena,2028,Cabecera,1048639
Magdalena,2028,Centros Poblados y Rural Disperso,517775
Magdalena,2028,Total,1566414
Magdalena,2029,Cabecera,1053243
Magdalena,2029,Centros Poblados y Rural Disperso,524254
Magdalena,2029,Total,1577497
Magdalena,2030,Cabecera,1057885
Magdalena,2030,Centros Poblados y Rural Disperso,530502
Magdalena,2030,Total,1588387
Meta,2020,Cabecera,824056
Meta,2020,Centros Poblados y Rural Disperso,257976
Meta,2020,Total,1082032
Meta,2021,Cabecera,835553
Meta,2021,Centros Poblados y Rural Disperso,262551
Meta,2021,Total,1098104
Meta,2022,Cabecera,846615
Meta,2022,Centros Poblados y Rural Disperso,267195
Meta,2022,Total,1113810
Meta,2023,Cabecera,858142
Meta,2023,Centros Poblados y Rural Disperso,271943
Meta,2023,Total,1130085
Meta,2024,Cabecera,869506
Meta,2024,Centros Poblados y Rural Disperso,276260
Meta,2024,Total,1145766
Meta,2025,Cabecera,880077
Meta,2025,Centros Poblados y Rural Disperso,280274
Meta,2025,Total,1160351
Meta,2026,Cabecera,889994
Meta,2026,Centros Poblados y Rural Disperso,284010
Meta,2026,Total,1174004
Meta,2027,Cabecera,899378
Meta,2027,Centros Poblados y Rural Disperso,287733
Meta,2027,Total,1187111
Meta,2028,Cabecera,908518
Meta,2028,Centros Poblados y Rural Disperso,291211
Meta,2028,Total,1199729
Meta,2029,Cabecera,917329
Meta,2029,Centros Poblados y Rural Disperso,294585
Meta,2029,Total,1211914
Meta,2030,Cabecera,925859
Meta,2030,Centros Poblados y Rural Disperso,297876
Meta,2030,Total,1223735
Nariño,2020,Cabecera,730402
Nariño,2020,Centros Poblados y Rural Disperso,935052
Nariño,2020,Total,1665454
Nariño,2021,Cabecera,736214
Nariño,2021,Centros Poblados y Rural Disperso,942572
Nariño,2021,Total,1678786
Nariño,2022,Cabecera,741411
Nariño,2022,Centros Poblados y Rural Disperso,947591
Nariño,2022,Total,1689002
Nariño,2023,Cabecera,746748
Nariño,2023,Centros Poblados y Rural Disperso,952822
Nariño,2023,Total,1699570
Nariño,2024,Cabecera,752021
Nariño,2024,Centros Poblados y Rural Disperso,957869
Nariño,2024,Total,1709890
Nariño,2025,Cabecera,756828
Nariño,2025,Centros Poblados y Rural Disperso,962453
Nariño,2025,Total,1719281
Nariño,2026,Cabecera,761198
Nariño,2026,Centros Poblados y Rural Disperso,966651
Nariño,2026,Total,1727849
Nariño,2027,Cabecera,765198
Nariño,2027,Centros Poblados y Rural Disperso,970746
Nariño,2027,Total,1735944
Nariño,2028,Cabecera,769084
Nariño,2028,Centros Poblados y Rural Disperso,974518
Nariño,2028,Total,1743602
Nariño,2029,Cabecera,772706
Nariño,2029,Centros Poblados y Rural Disperso,978130
Nariño,2029,Total,1750836
Nariño,2030,Cabecera,776019
Nariño,2030,Centros Poblados y Rural Disperso,981666
Nariño,2030,Total,1757685
Norte de Santander,2020,Cabecera,1275646
Norte de Santander,2020,Centros Poblados y Rural Disperso,341563
Norte de Santander,2020,Total,1617209
Norte de Santander,2021,Cabecera,1307684
Norte de Santander,2021,Centros Poblados y Rural Disperso,346657
Norte de Santander,2021,Total,1654341
Norte de Santander,2022,Cabecera,1328451
Norte de Santander,2022,Centros Poblados y Rural Disperso,350524
Norte de Santander,2022,Total,1678975
Norte de Santander,2023,Cabecera,1343079
Norte de Santander,2023,Centros Poblados y Rural Disperso,353661
Norte de Santander,2023,Total,1696740
Norte de Santander,2024,Cabecera,1353250
Norte de Santander,2024,Centros Poblados y Rural Disperso,356320
Norte de Santander,2024,Total,1709570
Norte de Santander,2025,Cabecera,1359676
Norte de Santander,2025,Centros Poblados y Rural Disperso,358316
Norte de Santander,2025,Total,1717992
Norte de Santander,2026,Cabecera,1363322
Norte de Santander,2026,Centros Poblados y Rural Disperso,359976
Norte de Santander,2026,Total,1723298
Norte de Santander,2027,Cabecera,1364973
Norte de Santander,2027,Centros Poblados y Rural Disperso,361757
Norte de Santander,2027,Total,1726730
Norte de Santander,2028,Cabecera,1365641
Norte de Santander,2028,Centros Poblados y Rural Disperso,363473
Norte de Santander,2028,Total,1729114
Norte de Santander,2029,Cabecera,1365650
Norte de Santander,2029,Centros Poblados y Rural Disperso,365494
Norte de Santander,2029,Total,1731144
Norte de Santander,2030,Cabecera,1365486
Norte de Santander,2030,Centros Poblados y Rural Disperso,367882
Norte de Santander,2030,Total,1733368
Quindío,2020,Cabecera,486029
Quindío,2020,Centros Poblados y Rural Disperso,67292
Quindío,2020,Total,553321
Quindío,2021,Cabecera,490442
Quindío,2021,Centros Poblados y Rural Disperso,66657
Quindío,2021,Total,557099
Quindío,2022,Cabecera,492893
Quindío,2022,Centros Poblados y Rural Disperso,66917
Quindío,2022,Total,559810
Quindío,2023,Cabecera,495526
Quindío,2023,Centros Poblados y Rural Disperso,67550
Quindío,2023,Total,563076
Quindío,2024,Cabecera,497785
Quindío,2024,Centros Poblados y Rural Disperso,68263
Quindío,2024,Total,566048
Quindío,2025,Cabecera,499565
Quindío,2025,Centros Poblados y Rural Disperso,68995
Quindío,2025,Total,568560
Quindío,2026,Cabecera,500928
Quindío,2026,Centros Poblados y Rural Disperso,69800
Quindío,2026,Total,570728
Quindío,2027,Cabecera,501991
Quindío,2027,Centros Poblados y Rural Disperso,70728
Quindío,2027,Total,572719
Quindío,2028,Cabecera,502850
Quindío,2028,Centros Poblados y Rural Disperso,71750
Quindío,2028,Total,574600
Quindío,2029,Cabecera,503525
Quindío,2029,Centros Poblados y Rural Disperso,72891
Quindío,2029,Total,576416
Quindío,2030,Cabecera,504039
Quindío,2030,Centros Poblados y Rural Disperso,74160
Quindío,2030,Total,578199
Risaralda,2020,Cabecera,762638
Risaralda,2020,Centros Poblados y Rural Disperso,200141
Risaralda,2020,Total,962779
Risaralda,2021,Cabecera,771884
Risaralda,2021,Centros Poblados y Rural Disperso,196403
Risaralda,2021,Total,968287
Risaralda,2022,Cabecera,775780
Risaralda,2022,Centros Poblados y Rural Disperso,194358
Risaralda,2022,Total,970138
Risaralda,2023,Cabecera,779222
Risaralda,2023,Centros Poblados y Rural Disperso,193082
Risaralda,2023,Total,972304
Risaralda,2024,Cabecera,781555
Risaralda,2024,Centros Poblados y Rural Disperso,192324
Risaralda,2024,Total,973879
Risaralda,2025,Cabecera,782966
Risaralda,2025,Centros Poblados y Rural Disperso,191673
Risaralda,2025,Total,974639
Risaralda,2026,Cabecera,783663
Risaralda,2026,Centros Poblados y Rural Disperso,191130
Risaralda,2026,Total,974793
Risaralda,2027,Cabecera,783800
Risaralda,2027,Centros Poblados y Rural Disperso,190819
Risaralda,2027,Total,974619
Risaralda,2028,Cabecera,783488
Risaralda,2028,Centros Poblados y Rural Disperso,190755
Risaralda,2028,Total,974243
Risaralda,2029,Cabecera,782781
Risaralda,2029,Centros Poblados y Rural Disperso,190968
Risaralda,2029,Total,973749
Risaralda,2030,Cabecera,781708
Risaralda,2030,Centros Poblados y Rural Disperso,191505
Risaralda,2030,Total,973213
Santander,2020,Cabecera,1744233
Santander,2020,Centros Poblados y Rural Disperso,537975
Santander,2020,Total,2282208
Santander,2021,Cabecera,1777109
Santander,2021,Centros Poblados y Rural Disperso,534988
Santander,2021,Total,2312097
Santander,2022,Cabecera,1802328
Santander,2022,Centros Poblados y Rural Disperso,532910
Santander,2022,Total,2335238
Santander,2023,Cabecera,1826647
Santander,2023,Centros Poblados y Rural Disperso,530480
Santander,2023,Total,2357127
Santander,2024,Cabecera,1847055
Santander,2024,Centros Poblados y Rural Disperso,529681
Santander,2024,Total,2376736
Santander,2025,Cabecera,1864327
Santander,2025,Centros Poblados y Rural Disperso,528887
Santander,2025,Total,2393214
Santander,2026,Cabecera,1879215
Santander,2026,Centros Poblados y Rural Disperso,528104
Santander,2026,Total,2407319
Santander,2027,Cabecera,1892563
Santander,2027,Centros Poblados y Rural Disperso,527423
Santander,2027,Total,2419986
Santander,2028,Cabecera,1904619
Santander,2028,Centros Poblados y Rural Disperso,527061
Santander,2028,Total,2431680
Santander,2029,Cabecera,1915808
Santander,2029,Centros Poblados y Rural Disperso,526972
Santander,2029,Total,2442780
Santander,2030,Cabecera,1926300
Santander,2030,Centros Poblados y Rural Disperso,527274
Santander,2030,Total,2453574
Sucre,2020,Cabecera,590920
Sucre,2020,Centros Poblados y Rural Disperso,359692
Sucre,2020,Total,950612
Sucre,2021,Cabecera,598031
Sucre,2021,Centros Poblados y Rural Disperso,368862
Sucre,2021,Total,966893
Sucre,2022,Cabecera,603687
Sucre,2022,Centros Poblados y Rural Disperso,377255
Sucre,2022,Total,980942
Sucre,2023,Cabecera,608774
Sucre,2023,Centros Poblados y Rural Disperso,385286
Sucre,2023,Total,994060
Sucre,2024,Cabecera,613634
Sucre,2024,Centros Poblados y Rural Disperso,392410
Sucre,2024,Total,1006044
Sucre,2025,Cabecera,618038
Sucre,2025,Centros Poblados y Rural Disperso,398788
Sucre,2025,Total,1016826
Sucre,2026,Cabecera,621988
Sucre,2026,Centros Poblados y Rural Disperso,404681
Sucre,2026,Total,1026669
Sucre,2027,Cabecera,625772
Sucre,2027,Centros Poblados y Rural Disperso,410128
Sucre,2027,Total,1035900
Sucre,2028,Cabecera,629424
Sucre,2028,Centros Poblados y Rural Disperso,415270
Sucre,2028,Total,1044694
Sucre,2029,Cabecera,633043
Sucre,2029,Centros Poblados y Rural Disperso,420136
Sucre,2029,Total,1053179
Sucre,2030,Cabecera,636694
Sucre,2030,Centros Poblados y Rural Disperso,424805
Sucre,2030,Total,1061499
Tolima,2020,Cabecera,924589
Tolima,2020,Centros Poblados y Rural Disperso,429749
Tolima,2020,Total,1354338
Tolima,2021,Cabecera,932382
Tolima,2021,Centros Poblados y Rural Disperso,429549
Tolima,2021,Total,1361931
Tolima,2022,Cabecera,938727
Tolima,2022,Centros Poblados y Rural Disperso,429075
Tolima,2022,Total,1367802
Tolima,2023,Cabecera,945672
Tolima,2023,Centros Poblados y Rural Disperso,428712
Tolima,2023,Total,1374384
Tolima,2024,Cabecera,951724
Tolima,2024,Centros Poblados y Rural Disperso,429224
Tolima,2024,Total,1380948
Tolima,2025,Cabecera,956963
Tolima,2025,Centros Poblados y Rural Disperso,429863
Tolima,2025,Total,1386826
Tolima,2026,Cabecera,961671
Tolima,2026,Centros Poblados y Rural Disperso,430448
Tolima,2026,Total,1392119
Tolima,2027,Cabecera,966011
Tolima,2027,Centros Poblados y Rural Disperso,431090
Tolima,2027,Total,1397101
Tolima,2028,Cabecera,969866
Tolima,2028,Centros Poblados y Rural Disperso,431935
Tolima,2028,Total,1401801
Tolima,2029,Cabecera,973418
Tolima,2029,Centros Poblados y Rural Disperso,432832
Tolima,2029,Total,1406250
Tolima,2030,Cabecera,976595
Tolima,2030,Centros Poblados y Rural Disperso,433889
Tolima,2030,Total,1410484
Valle del Cauca,2020,Cabecera,3906328
Valle del Cauca,2020,Centros Poblados y Rural Disperso,676049
Valle del Cauca,2020,Total,4582377
Valle del Cauca,2021,Cabecera,3937232
Valle del Cauca,2021,Centros Poblados y Rural Disperso,676532
Valle del Cauca,2021,Total,4613764
Valle del Cauca,2022,Cabecera,3954741
Valle del Cauca,2022,Centros Poblados y Rural Disperso,671323
Valle del Cauca,2022,Total,4626064
Valle del Cauca,2023,Cabecera,3972260
Valle del Cauca,2023,Centros Poblados y Rural Disperso,665769
Valle del Cauca,2023,Total,4638029
Valle del Cauca,2024,Cabecera,3986159
Valle del Cauca,2024,Centros Poblados y Rural Disperso,661208
Valle del Cauca,2024,Total,4647367
Valle del Cauca,2025,Cabecera,3995831
Valle del Cauca,2025,Centros Poblados y Rural Disperso,656681
Valle del Cauca,2025,Total,4652512
Valle del Cauca,2026,Cabecera,4002306
Valle del Cauca,2026,Centros Poblados y Rural Disperso,652129
Valle del Cauca,2026,Total,4654435
Valle del Cauca,2027,Cabecera,4006898
Valle del Cauca,2027,Centros Poblados y Rural Disperso,647599
Valle del Cauca,2027,Total,4654497
Valle del Cauca,2028,Cabecera,4009994
Valle del Cauca,2028,Centros Poblados y Rural Disperso,643230
Valle del Cauca,2028,Total,4653224
Valle del Cauca,2029,Cabecera,4012013
Valle del Cauca,2029,Centros Poblados y Rural Disperso,639026
Valle del Cauca,2029,Total,4651039
Valle del Cauca,2030,Cabecera,4013254
Valle del Cauca,2030,Centros Poblados y Rural Disperso,635090
Valle del Cauca,2030,Total,4648344
Arauca,2020,Cabecera,189171
Arauca,2020,Centros Poblados y Rural Disperso,102081
Arauca,2020,Total,291252
Arauca,2021,Cabecera,194149
Arauca,2021,Centros Poblados y Rural Disperso,106488
Arauca,2021,Total,300637
Arauca,2022,Cabecera,198159
Arauca,2022,Centros Poblados y Rural Disperso,109469
Arauca,2022,Total,307628
Arauca,2023,Cabecera,201155
Arauca,2023,Centros Poblados y Rural Disperso,111942
Arauca,2023,Total,313097
Arauca,2024,Cabecera,203505
Arauca,2024,Centros Poblados y Rural Disperso,113893
Arauca,2024,Total,317398
Arauca,2025,Cabecera,205266
Arauca,2025,Centros Poblados y Rural Disperso,115457
Arauca,2025,Total,320723
Arauca,2026,Cabecera,206604
Arauca,2026,Centros Poblados y Rural Disperso,116742
Arauca,2026,Total,323346
Arauca,2027,Cabecera,207626
Arauca,2027,Centros Poblados y Rural Disperso,117901
Arauca,2027,Total,325527
Arauca,2028,Cabecera,208560
Arauca,2028,Centros Poblados y Rural Disperso,118880
Arauca,2028,Total,327440
Arauca,2029,Cabecera,209430
Arauca,2029,Centros Poblados y Rural Disperso,119807
Arauca,2029,Total,329237
Arauca,2030,Cabecera,210356
Arauca,2030,Centros Poblados y Rural Disperso,120681
Arauca,2030,Total,331037
Casanare,2020,Cabecera,315408
Casanare,2020,Centros Poblados y Rural Disperso,128124
Casanare,2020,Total,443532
Casanare,2021,Cabecera,323586
Casanare,2021,Centros Poblados y Rural Disperso,128512
Casanare,2021,Total,452098
Casanare,2022,Cabecera,330773
Casanare,2022,Centros Poblados y Rural Disperso,129200
Casanare,2022,Total,459973
Casanare,2023,Cabecera,337972
Casanare,2023,Centros Poblados y Rural Disperso,129803
Casanare,2023,Total,467775
Casanare,2024,Cabecera,344587
Casanare,2024,Centros Poblados y Rural Disperso,130557
Casanare,2024,Total,475144
Casanare,2025,Cabecera,350721
Casanare,2025,Centros Poblados y Rural Disperso,131217
Casanare,2025,Total,481938
Casanare,2026,Cabecera,356398
Casanare,2026,Centros Poblados y Rural Disperso,131860
Casanare,2026,Total,488258
Casanare,2027,Cabecera,361777
Casanare,2027,Centros Poblados y Rural Disperso,132474
Casanare,2027,Total,494251
Casanare,2028,Cabecera,366830
Casanare,2028,Centros Poblados y Rural Disperso,133149
Casanare,2028,Total,499979
Casanare,2029,Cabecera,371636
Casanare,2029,Centros Poblados y Rural Disperso,133868
Casanare,2029,Total,505504
Casanare,2030,Cabecera,376204
Casanare,2030,Centros Poblados y Rural Disperso,134686
Casanare,2030,Total,510890
Putumayo,2020,Cabecera,185589
Putumayo,2020,Centros Poblados y Rural Disperso,179294
Putumayo,2020,Total,364883
Putumayo,2021,Cabecera,190143
Putumayo,2021,Centros Poblados y Rural Disperso,181070
Putumayo,2021,Total,371213
Putumayo,2022,Cabecera,194348
Putumayo,2022,Centros Poblados y Rural Disperso,182747
Putumayo,2022,Total,377095
Putumayo,2023,Cabecera,198450
Putumayo,2023,Centros Poblados y Rural Disperso,184592
Putumayo,2023,Total,383042
Putumayo,2024,Cabecera,202466
Putumayo,2024,Centros Poblados y Rural Disperso,186250
Putumayo,2024,Total,388716
Putumayo,2025,Cabecera,206247
Putumayo,2025,Centros Poblados y Rural Disperso,187741
Putumayo,2025,Total,393988
Putumayo,2026,Cabecera,209786
Putumayo,2026,Centros Poblados y Rural Disperso,189147
Putumayo,2026,Total,398933
Putumayo,2027,Cabecera,213015
Putumayo,2027,Centros Poblados y Rural Disperso,190659
Putumayo,2027,Total,403674
Putumayo,2028,Cabecera,216301
Putumayo,2028,Centros Poblados y Rural Disperso,191947
Putumayo,2028,Total,408248
Putumayo,2029,Cabecera,219433
Putumayo,2029,Centros Poblados y Rural Disperso,193252
Putumayo,2029,Total,412685
Putumayo,2030,Cabecera,222475
Putumayo,2030,Centros Poblados y Rural Disperso,194545
Putumayo,2030,Total,417020
San Andrés,2020,Cabecera,44308
San Andrés,2020,Centros Poblados y Rural Disperso,17590
San Andrés,2020,Total,61898
San Andrés,2021,Cabecera,44196
San Andrés,2021,Centros Poblados y Rural Disperso,17963
San Andrés,2021,Total,62159
San Andrés,2022,Cabecera,44284
San Andrés,2022,Centros Poblados y Rural Disperso,17971
San Andrés,2022,Total,62255
San Andrés,2023,Cabecera,44409
San Andrés,2023,Centros Poblados y Rural Disperso,17860
San Andrés,2023,Total,62269
San Andrés,2024,Cabecera,44563
San Andrés,2024,Centros Poblados y Rural Disperso,17686
San Andrés,2024,Total,62249
San Andrés,2025,Cabecera,44723
San Andrés,2025,Centros Poblados y Rural Disperso,17458
San Andrés,2025,Total,62181
San Andrés,2026,Cabecera,44869
San Andrés,2026,Centros Poblados y Rural Disperso,17199
San Andrés,2026,Total,62068
San Andrés,2027,Cabecera,45047
San Andrés,2027,Centros Poblados y Rural Disperso,16880
San Andrés,2027,Total,61927
San Andrés,2028,Cabecera,45228
San Andrés,2028,Centros Poblados y Rural Disperso,16536
San Andrés,2028,Total,61764
San Andrés,2029,Cabecera,45427
San Andrés,2029,Centros Poblados y Rural Disperso,16156
San Andrés,2029,Total,61583
San Andrés,2030,Cabecera,45633
San Andrés,2030,Centros Poblados y Rural Disperso,15747
San Andrés,2030,Total,61380
Amazonas,2020,Cabecera,39835
Amazonas,2020,Centros Poblados y Rural Disperso,40637
Amazonas,2020,Total,80472
Amazonas,2021,Cabecera,41089
Amazonas,2021,Centros Poblados y Rural Disperso,41082
Amazonas,2021,Total,82171
Amazonas,2022,Cabecera,42170
Amazonas,2022,Centros Poblados y Rural Disperso,41520
Amazonas,2022,Total,83690
Amazonas,2023,Cabecera,43220
Amazonas,2023,Centros Poblados y Rural Disperso,41836
Amazonas,2023,Total,85056
Amazonas,2024,Cabecera,44170
Amazonas,2024,Centros Poblados y Rural Disperso,42148
Amazonas,2024,Total,86318
Amazonas,2025,Cabecera,45049
Amazonas,2025,Centros Poblados y Rural Disperso,42431
Amazonas,2025,Total,87480
Amazonas,2026,Cabecera,45879
Amazonas,2026,Centros Poblados y Rural Disperso,42676
Amazonas,2026,Total,88555
Amazonas,2027,Cabecera,46662
Amazonas,2027,Centros Poblados y Rural Disperso,42919
Amazonas,2027,Total,89581
Amazonas,2028,Cabecera,47388
Amazonas,2028,Centros Poblados y Rural Disperso,43172
Amazonas,2028,Total,90560
Amazonas,2029,Cabecera,48076
Amazonas,2029,Centros Poblados y Rural Disperso,43429
Amazonas,2029,Total,91505
Amazonas,2030,Cabecera,48710
Amazonas,2030,Centros Poblados y Rural Disperso,43712
Amazonas,2030,Total,92422
Guainía,2020,Cabecera,23575
Guainía,2020,Centros Poblados y Rural Disperso,28431
Guainía,2020,Total,52006
Guainía,2021,Cabecera,24456
Guainía,2021,Centros Poblados y Rural Disperso,29127
Guainía,2021,Total,53583
Guainía,2022,Cabecera,25306
Guainía,2022,Centros Poblados y Rural Disperso,29785
Guainía,2022,Total,55091
Guainía,2023,Cabecera,26161
Guainía,2023,Centros Poblados y Rural Disperso,30390
Guainía,2023,Total,56551
Guainía,2024,Cabecera,26944
Guainía,2024,Centros Poblados y Rural Disperso,30990
Guainía,2024,Total,57934
Guainía,2025,Cabecera,27691
Guainía,2025,Centros Poblados y Rural Disperso,31549
Guainía,2025,Total,59240
Guainía,2026,Cabecera,28380
Guainía,2026,Centros Poblados y Rural Disperso,32113
Guainía,2026,Total,60493
Guainía,2027,Cabecera,29079
Guainía,2027,Centros Poblados y Rural Disperso,32646
Guainía,2027,Total,61725
Guainía,2028,Cabecera,29736
Guainía,2028,Centros Poblados y Rural Disperso,33206
Guainía,2028,Total,62942
Guainía,2029,Cabecera,30328
Guainía,2029,Centros Poblados y Rural Disperso,33819
Guainía,2029,Total,64147
Guainía,2030,Cabecera,30896
Guainía,2030,Centros Poblados y Rural Disperso,34459
Guainía,2030,Total,65355
Guaviare,2020,Cabecera,49591
Guaviare,2020,Centros Poblados y Rural Disperso,39459
Guaviare,2020,Total,89050
Guaviare,2021,Cabecera,51222
Guaviare,2021,Centros Poblados y Rural Disperso,40495
Guaviare,2021,Total,91717
Guaviare,2022,Cabecera,52990
Guaviare,2022,Centros Poblados y Rural Disperso,41635
Guaviare,2022,Total,94625
Guaviare,2023,Cabecera,54734
Guaviare,2023,Centros Poblados y Rural Disperso,42882
Guaviare,2023,Total,97616
Guaviare,2024,Cabecera,56402
Guaviare,2024,Centros Poblados y Rural Disperso,44095
Guaviare,2024,Total,100497
Guaviare,2025,Cabecera,57976
Guaviare,2025,Centros Poblados y Rural Disperso,45261
Guaviare,2025,Total,103237
Guaviare,2026,Cabecera,59449
Guaviare,2026,Centros Poblados y Rural Disperso,46406
Guaviare,2026,Total,105855
Guaviare,2027,Cabecera,60815
Guaviare,2027,Centros Poblados y Rural Disperso,47592
Guaviare,2027,Total,108407
Guaviare,2028,Cabecera,62141
Guaviare,2028,Centros Poblados y Rural Disperso,48758
Guaviare,2028,Total,110899
Guaviare,2029,Cabecera,63393
Guaviare,2029,Centros Poblados y Rural Disperso,49942
Guaviare,2029,Total,113335
Guaviare,2030,Cabecera,64574
Guaviare,2030,Centros Poblados y Rural Disperso,51161
Guaviare,2030,Total,115735
Vaupés,2020,Cabecera,12482
Vaupés,2020,Centros Poblados y Rural Disperso,30706
Vaupés,2020,Total,43188
Vaupés,2021,Cabecera,12708
Vaupés,2021,Centros Poblados y Rural Disperso,31670
Vaupés,2021,Total,44378
Vaupés,2022,Cabecera,12918
Vaupés,2022,Centros Poblados y Rural Disperso,32661
Vaupés,2022,Total,45579
Vaupés,2023,Cabecera,13139
Vaupés,2023,Centros Poblados y Rural Disperso,33638
Vaupés,2023,Total,46777
Vaupés,2024,Cabecera,13336
Vaupés,2024,Centros Poblados y Rural Disperso,34625
Vaupés,2024,Total,47961
Vaupés,2025,Cabecera,13514
Vaupés,2025,Centros Poblados y Rural Disperso,35628
Vaupés,2025,Total,49142
Vaupés,2026,Cabecera,13679
Vaupés,2026,Centros Poblados y Rural Disperso,36643
Vaupés,2026,Total,50322
Vaupés,2027,Cabecera,13836
Vaupés,2027,Centros Poblados y Rural Disperso,37670
Vaupés,2027,Total,51506
Vaupés,2028,Cabecera,13995
Vaupés,2028,Centros Poblados y Rural Disperso,38699
Vaupés,2028,Total,52694
Vaupés,2029,Cabecera,14132
Vaupés,2029,Centros Poblados y Rural Disperso,39754
Vaupés,2029,Total,53886
Vaupés,2030,Cabecera,14261
Vaupés,2030,Centros Poblados y Rural Disperso,40822
Vaupés,2030,Total,55083
Vichada,2020,Cabecera,29106
Vichada,2020,Centros Poblados y Rural Disperso,86090
Vichada,2020,Total,115196
Vichada,2021,Cabecera,29298
Vichada,2021,Centros Poblados y Rural Disperso,88972
Vichada,2021,Total,118270
Vichada,2022,Cabecera,29700
Vichada,2022,Centros Poblados y Rural Disperso,91242
Vichada,2022,Total,120942
Vichada,2023,Cabecera,29940
Vichada,2023,Centros Poblados y Rural Disperso,93364
Vichada,2023,Total,123304
Vichada,2024,Cabecera,30319
Vichada,2024,Centros Poblados y Rural Disperso,95158
Vichada,2024,Total,125477
Vichada,2025,Cabecera,30662
Vichada,2025,Centros Poblados y Rural Disperso,96805
Vichada,2025,Total,127467
Vichada,2026,Cabecera,30969
Vichada,2026,Centros Poblados y Rural Disperso,98335
Vichada,2026,Total,129304
Vichada,2027,Cabecera,31168
Vichada,2027,Centros Poblados y Rural Disperso,99901
Vichada,2027,Total,131069
Vichada,2028,Cabecera,31431
Vichada,2028,Centros Poblados y Rural Disperso,101339
Vichada,2028,Total,132770
Vichada,2029,Cabecera,31677
Vichada,2029,Centros Poblados y Rural Disperso,102744
Vichada,2029,Total,134421
Vichada,2030,Cabecera,31891
Vichada,2030,Centros Poblados y Rural Disperso,104145
Vichada,2030,Total,136036
